-- --------------------------------------------------------
-- 호스트:                          192.168.42.100
-- 서버 버전:                        10.6.12-MariaDB-0ubuntu0.22.04.1 - Ubuntu 22.04
-- 서버 OS:                        debian-linux-gnu
-- HeidiSQL 버전:                  12.6.0.6765
-- --------------------------------------------------------

/*!40101 SET @OLD_CHARACTER_SET_CLIENT=@@CHARACTER_SET_CLIENT */;
/*!40101 SET NAMES utf8 */;
/*!50503 SET NAMES utf8mb4 */;
/*!40103 SET @OLD_TIME_ZONE=@@TIME_ZONE */;
/*!40103 SET TIME_ZONE='+00:00' */;
/*!40014 SET @OLD_FOREIGN_KEY_CHECKS=@@FOREIGN_KEY_CHECKS, FOREIGN_KEY_CHECKS=0 */;
/*!40101 SET @OLD_SQL_MODE=@@SQL_MODE, SQL_MODE='NO_AUTO_VALUE_ON_ZERO' */;
/*!40111 SET @OLD_SQL_NOTES=@@SQL_NOTES, SQL_NOTES=0 */;


-- SampleSchool2 데이터베이스 구조 내보내기
CREATE DATABASE IF NOT EXISTS `SampleSchool2` /*!40100 DEFAULT CHARACTER SET utf8mb4 COLLATE utf8mb4_general_ci */;
USE `SampleSchool2`;

-- 테이블 SampleSchool2.courses 구조 내보내기
CREATE TABLE IF NOT EXISTS `courses` (
  `id` int(11) NOT NULL AUTO_INCREMENT,
  `name` varchar(100) NOT NULL,
  `price` decimal(10,2) DEFAULT NULL,
  PRIMARY KEY (`id`)
) ENGINE=InnoDB AUTO_INCREMENT=31 DEFAULT CHARSET=utf8mb4 COLLATE=utf8mb4_general_ci;

-- 테이블 데이터 SampleSchool2.courses:~30 rows (대략적) 내보내기
INSERT INTO `courses` (`id`, `name`, `price`) VALUES
	(1, '국어', 100.00),
	(2, '영어', 100.00),
	(3, '수학', 80.00),
	(4, '과학', 100.00),
	(5, '체육', 80.00),
	(6, '음악', 100.00),
	(7, '미술', 100.00),
	(8, '한국사', 80.00),
	(9, '한문', 100.00),
	(10, '사회', 100.00),
	(11, '국어', 80.00),
	(12, '영어', 82.00),
	(13, '수학', 85.00),
	(14, '국사', 90.00),
	(15, '체육', 77.00),
	(16, '물리', 80.00),
	(17, '음악', 90.00),
	(18, '미술', 100.00),
	(19, '컴퓨터', 70.00),
	(20, '도덕', 93.00),
	(21, '국어', 80.00),
	(22, '영어', 82.00),
	(23, '수학', 85.00),
	(24, '국사', 90.00),
	(25, '체육', 77.00),
	(26, '물리', 80.00),
	(27, '음악', 90.00),
	(28, '미술', 100.00),
	(29, '컴퓨터', 70.00),
	(30, '도덕', 93.00);

-- 테이블 SampleSchool2.enrollments 구조 내보내기
CREATE TABLE IF NOT EXISTS `enrollments` (
  `id` int(11) NOT NULL AUTO_INCREMENT,
  `student_id` int(11) NOT NULL,
  `course_id` int(11) NOT NULL,
  `enrollment_date` date DEFAULT NULL,
  PRIMARY KEY (`id`),
  KEY `FK_enrollments_students` (`student_id`),
  KEY `FK_enrollments_courses` (`course_id`),
  CONSTRAINT `FK_enrollments_courses` FOREIGN KEY (`course_id`) REFERENCES `courses` (`id`) ON DELETE NO ACTION ON UPDATE NO ACTION,
  CONSTRAINT `FK_enrollments_students` FOREIGN KEY (`student_id`) REFERENCES `students` (`id`) ON DELETE NO ACTION ON UPDATE NO ACTION
) ENGINE=InnoDB AUTO_INCREMENT=2251 DEFAULT CHARSET=utf8mb4 COLLATE=utf8mb4_general_ci;

-- 테이블 데이터 SampleSchool2.enrollments:~2,250 rows (대략적) 내보내기
INSERT INTO `enrollments` (`id`, `student_id`, `course_id`, `enrollment_date`) VALUES
	(1, 1, 1, '2022-06-27'),
	(2, 1, 4, '2022-06-27'),
	(3, 1, 5, '2022-06-27'),
	(4, 1, 7, '2022-06-27'),
	(5, 1, 9, '2022-06-27'),
	(6, 2, 1, '2022-03-14'),
	(7, 2, 4, '2022-03-14'),
	(8, 2, 6, '2022-03-14'),
	(9, 2, 7, '2022-03-14'),
	(10, 2, 9, '2022-03-14'),
	(11, 4, 2, '2023-04-30'),
	(12, 4, 3, '2023-04-30'),
	(13, 4, 4, '2023-04-30'),
	(14, 4, 8, '2023-04-30'),
	(15, 4, 10, '2023-04-30'),
	(16, 6, 1, '2022-11-01'),
	(17, 6, 3, '2022-11-01'),
	(18, 6, 5, '2022-11-01'),
	(19, 6, 6, '2022-11-01'),
	(20, 6, 7, '2022-11-01'),
	(21, 7, 1, '2022-09-25'),
	(22, 7, 5, '2022-09-25'),
	(23, 7, 6, '2022-09-25'),
	(24, 7, 9, '2022-09-25'),
	(25, 7, 10, '2022-09-25'),
	(26, 8, 1, '2023-11-17'),
	(27, 8, 2, '2023-11-17'),
	(28, 8, 5, '2023-11-17'),
	(29, 8, 8, '2023-11-17'),
	(30, 8, 9, '2023-11-17'),
	(31, 9, 3, '2022-07-12'),
	(32, 9, 4, '2022-07-12'),
	(33, 9, 6, '2022-07-12'),
	(34, 9, 8, '2022-07-12'),
	(35, 9, 10, '2022-07-12'),
	(36, 10, 2, '2022-03-19'),
	(37, 10, 3, '2022-03-19'),
	(38, 10, 6, '2022-03-19'),
	(39, 10, 8, '2022-03-19'),
	(40, 10, 9, '2022-03-19'),
	(41, 11, 1, '2022-11-23'),
	(42, 11, 4, '2022-11-23'),
	(43, 11, 5, '2022-11-23'),
	(44, 11, 7, '2022-11-23'),
	(45, 11, 10, '2022-11-23'),
	(46, 12, 3, '2023-05-16'),
	(47, 12, 5, '2023-05-16'),
	(48, 12, 7, '2023-05-16'),
	(49, 12, 8, '2023-05-16'),
	(50, 12, 10, '2023-05-16'),
	(51, 13, 1, '2022-06-25'),
	(52, 13, 3, '2022-06-25'),
	(53, 13, 4, '2022-06-25'),
	(54, 13, 6, '2022-06-25'),
	(55, 13, 8, '2022-06-25'),
	(56, 14, 1, '2023-02-23'),
	(57, 14, 4, '2023-02-23'),
	(58, 14, 5, '2023-02-23'),
	(59, 14, 7, '2023-02-23'),
	(60, 14, 8, '2023-02-23'),
	(61, 15, 2, '2023-02-02'),
	(62, 15, 3, '2023-02-02'),
	(63, 15, 4, '2023-02-02'),
	(64, 15, 5, '2023-02-02'),
	(65, 15, 6, '2023-02-02'),
	(66, 16, 2, '2023-10-31'),
	(67, 16, 4, '2023-10-31'),
	(68, 16, 5, '2023-10-31'),
	(69, 16, 6, '2023-10-31'),
	(70, 16, 8, '2023-10-31'),
	(71, 17, 2, '2022-07-05'),
	(72, 17, 6, '2022-07-05'),
	(73, 17, 7, '2022-07-05'),
	(74, 17, 8, '2022-07-05'),
	(75, 17, 9, '2022-07-05'),
	(76, 18, 1, '2023-03-02'),
	(77, 18, 3, '2023-03-02'),
	(78, 18, 7, '2023-03-02'),
	(79, 18, 9, '2023-03-02'),
	(80, 18, 10, '2023-03-02'),
	(81, 19, 4, '2022-03-02'),
	(82, 19, 7, '2022-03-02'),
	(83, 19, 8, '2022-03-02'),
	(84, 19, 9, '2022-03-02'),
	(85, 19, 10, '2022-03-02'),
	(86, 20, 3, '2022-04-25'),
	(87, 20, 7, '2022-04-25'),
	(88, 20, 8, '2022-04-25'),
	(89, 20, 9, '2022-04-25'),
	(90, 20, 10, '2022-04-25'),
	(91, 21, 2, '2022-09-20'),
	(92, 21, 6, '2022-09-20'),
	(93, 21, 7, '2022-09-20'),
	(94, 21, 9, '2022-09-20'),
	(95, 21, 10, '2022-09-20'),
	(96, 22, 1, '2023-07-23'),
	(97, 22, 2, '2023-07-23'),
	(98, 22, 3, '2023-07-23'),
	(99, 22, 7, '2023-07-23'),
	(100, 22, 10, '2023-07-23'),
	(101, 23, 2, '2023-06-18'),
	(102, 23, 3, '2023-06-18'),
	(103, 23, 6, '2023-06-18'),
	(104, 23, 8, '2023-06-18'),
	(105, 23, 9, '2023-06-18'),
	(106, 24, 1, '2022-10-29'),
	(107, 24, 2, '2022-10-29'),
	(108, 24, 5, '2022-10-29'),
	(109, 24, 7, '2022-10-29'),
	(110, 24, 8, '2022-10-29'),
	(111, 25, 2, '2023-07-05'),
	(112, 25, 3, '2023-07-05'),
	(113, 25, 6, '2023-07-05'),
	(114, 25, 8, '2023-07-05'),
	(115, 25, 10, '2023-07-05'),
	(116, 26, 1, '2022-01-07'),
	(117, 26, 4, '2022-01-07'),
	(118, 26, 5, '2022-01-07'),
	(119, 26, 7, '2022-01-07'),
	(120, 26, 10, '2022-01-07'),
	(121, 28, 1, '2022-03-21'),
	(122, 28, 2, '2022-03-21'),
	(123, 28, 4, '2022-03-21'),
	(124, 28, 6, '2022-03-21'),
	(125, 28, 10, '2022-03-21'),
	(126, 29, 1, '2023-09-24'),
	(127, 29, 2, '2023-09-24'),
	(128, 29, 3, '2023-09-24'),
	(129, 29, 4, '2023-09-24'),
	(130, 29, 7, '2023-09-24'),
	(131, 30, 2, '2022-06-05'),
	(132, 30, 3, '2022-06-05'),
	(133, 30, 7, '2022-06-05'),
	(134, 30, 8, '2022-06-05'),
	(135, 30, 10, '2022-06-05'),
	(136, 32, 2, '2023-07-06'),
	(137, 32, 5, '2023-07-06'),
	(138, 32, 7, '2023-07-06'),
	(139, 32, 8, '2023-07-06'),
	(140, 32, 9, '2023-07-06'),
	(141, 33, 2, '2022-08-05'),
	(142, 33, 3, '2022-08-05'),
	(143, 33, 5, '2022-08-05'),
	(144, 33, 7, '2022-08-05'),
	(145, 33, 10, '2022-08-05'),
	(146, 34, 1, '2023-11-15'),
	(147, 34, 3, '2023-11-15'),
	(148, 34, 4, '2023-11-15'),
	(149, 34, 8, '2023-11-15'),
	(150, 34, 9, '2023-11-15'),
	(151, 35, 2, '2022-05-06'),
	(152, 35, 3, '2022-05-06'),
	(153, 35, 4, '2022-05-06'),
	(154, 35, 7, '2022-05-06'),
	(155, 35, 10, '2022-05-06'),
	(156, 36, 2, '2022-05-13'),
	(157, 36, 3, '2022-05-13'),
	(158, 36, 5, '2022-05-13'),
	(159, 36, 7, '2022-05-13'),
	(160, 36, 8, '2022-05-13'),
	(161, 38, 1, '2023-09-10'),
	(162, 38, 3, '2023-09-10'),
	(163, 38, 4, '2023-09-10'),
	(164, 38, 8, '2023-09-10'),
	(165, 38, 9, '2023-09-10'),
	(166, 39, 1, '2023-04-03'),
	(167, 39, 3, '2023-04-03'),
	(168, 39, 4, '2023-04-03'),
	(169, 39, 6, '2023-04-03'),
	(170, 39, 7, '2023-04-03'),
	(171, 40, 2, '2022-11-03'),
	(172, 40, 4, '2022-11-03'),
	(173, 40, 6, '2022-11-03'),
	(174, 40, 7, '2022-11-03'),
	(175, 40, 10, '2022-11-03'),
	(176, 41, 2, '2023-01-15'),
	(177, 41, 5, '2023-01-15'),
	(178, 41, 6, '2023-01-15'),
	(179, 41, 7, '2023-01-15'),
	(180, 41, 9, '2023-01-15'),
	(181, 42, 2, '2023-07-02'),
	(182, 42, 3, '2023-07-02'),
	(183, 42, 7, '2023-07-02'),
	(184, 42, 8, '2023-07-02'),
	(185, 42, 10, '2023-07-02'),
	(186, 43, 1, '2023-06-06'),
	(187, 43, 4, '2023-06-06'),
	(188, 43, 5, '2023-06-06'),
	(189, 43, 6, '2023-06-06'),
	(190, 43, 9, '2023-06-06'),
	(191, 45, 2, '2023-06-10'),
	(192, 45, 3, '2023-06-10'),
	(193, 45, 4, '2023-06-10'),
	(194, 45, 7, '2023-06-10'),
	(195, 45, 9, '2023-06-10'),
	(196, 46, 3, '2022-05-31'),
	(197, 46, 4, '2022-05-31'),
	(198, 46, 5, '2022-05-31'),
	(199, 46, 8, '2022-05-31'),
	(200, 46, 9, '2022-05-31'),
	(201, 47, 2, '2023-02-24'),
	(202, 47, 3, '2023-02-24'),
	(203, 47, 8, '2023-02-24'),
	(204, 47, 9, '2023-02-24'),
	(205, 47, 10, '2023-02-24'),
	(206, 48, 1, '2022-04-23'),
	(207, 48, 7, '2022-04-23'),
	(208, 48, 8, '2022-04-23'),
	(209, 48, 9, '2022-04-23'),
	(210, 48, 10, '2022-04-23'),
	(211, 50, 2, '2022-10-01'),
	(212, 50, 3, '2022-10-01'),
	(213, 50, 8, '2022-10-01'),
	(214, 50, 9, '2022-10-01'),
	(215, 50, 10, '2022-10-01'),
	(216, 51, 1, '2023-01-21'),
	(217, 51, 5, '2023-01-21'),
	(218, 51, 6, '2023-01-21'),
	(219, 51, 8, '2023-01-21'),
	(220, 51, 10, '2023-01-21'),
	(221, 52, 1, '2022-01-12'),
	(222, 52, 4, '2022-01-12'),
	(223, 52, 5, '2022-01-12'),
	(224, 52, 9, '2022-01-12'),
	(225, 52, 10, '2022-01-12'),
	(226, 53, 1, '2023-09-03'),
	(227, 53, 2, '2023-09-03'),
	(228, 53, 3, '2023-09-03'),
	(229, 53, 6, '2023-09-03'),
	(230, 53, 7, '2023-09-03'),
	(231, 54, 2, '2022-04-14'),
	(232, 54, 4, '2022-04-14'),
	(233, 54, 5, '2022-04-14'),
	(234, 54, 6, '2022-04-14'),
	(235, 54, 7, '2022-04-14'),
	(236, 55, 1, '2022-09-21'),
	(237, 55, 3, '2022-09-21'),
	(238, 55, 6, '2022-09-21'),
	(239, 55, 7, '2022-09-21'),
	(240, 55, 8, '2022-09-21'),
	(241, 56, 1, '2023-08-07'),
	(242, 56, 5, '2023-08-07'),
	(243, 56, 7, '2023-08-07'),
	(244, 56, 9, '2023-08-07'),
	(245, 56, 10, '2023-08-07'),
	(246, 57, 1, '2022-12-06'),
	(247, 57, 2, '2022-12-06'),
	(248, 57, 3, '2022-12-06'),
	(249, 57, 4, '2022-12-06'),
	(250, 57, 7, '2022-12-06'),
	(251, 58, 1, '2023-07-06'),
	(252, 58, 4, '2023-07-06'),
	(253, 58, 5, '2023-07-06'),
	(254, 58, 8, '2023-07-06'),
	(255, 58, 9, '2023-07-06'),
	(256, 59, 1, '2022-07-12'),
	(257, 59, 5, '2022-07-12'),
	(258, 59, 7, '2022-07-12'),
	(259, 59, 8, '2022-07-12'),
	(260, 59, 9, '2022-07-12'),
	(261, 60, 2, '2022-07-30'),
	(262, 60, 4, '2022-07-30'),
	(263, 60, 5, '2022-07-30'),
	(264, 60, 7, '2022-07-30'),
	(265, 60, 8, '2022-07-30'),
	(266, 61, 1, '2023-03-24'),
	(267, 61, 3, '2023-03-24'),
	(268, 61, 4, '2023-03-24'),
	(269, 61, 8, '2023-03-24'),
	(270, 61, 9, '2023-03-24'),
	(271, 62, 5, '2023-10-18'),
	(272, 62, 6, '2023-10-18'),
	(273, 62, 8, '2023-10-18'),
	(274, 62, 9, '2023-10-18'),
	(275, 62, 10, '2023-10-18'),
	(276, 63, 3, '2022-07-15'),
	(277, 63, 4, '2022-07-15'),
	(278, 63, 5, '2022-07-15'),
	(279, 63, 8, '2022-07-15'),
	(280, 63, 10, '2022-07-15'),
	(281, 64, 3, '2023-02-09'),
	(282, 64, 4, '2023-02-09'),
	(283, 64, 5, '2023-02-09'),
	(284, 64, 7, '2023-02-09'),
	(285, 64, 8, '2023-02-09'),
	(286, 65, 1, '2023-09-19'),
	(287, 65, 2, '2023-09-19'),
	(288, 65, 3, '2023-09-19'),
	(289, 65, 4, '2023-09-19'),
	(290, 65, 7, '2023-09-19'),
	(291, 66, 1, '2023-02-27'),
	(292, 66, 3, '2023-02-27'),
	(293, 66, 6, '2023-02-27'),
	(294, 66, 7, '2023-02-27'),
	(295, 66, 10, '2023-02-27'),
	(296, 67, 3, '2022-11-03'),
	(297, 67, 6, '2022-11-03'),
	(298, 67, 8, '2022-11-03'),
	(299, 67, 9, '2022-11-03'),
	(300, 67, 10, '2022-11-03'),
	(301, 68, 1, '2022-07-26'),
	(302, 68, 5, '2022-07-26'),
	(303, 68, 8, '2022-07-26'),
	(304, 68, 9, '2022-07-26'),
	(305, 68, 10, '2022-07-26'),
	(306, 69, 4, '2023-08-24'),
	(307, 69, 5, '2023-08-24'),
	(308, 69, 8, '2023-08-24'),
	(309, 69, 9, '2023-08-24'),
	(310, 69, 10, '2023-08-24'),
	(311, 70, 2, '2022-05-31'),
	(312, 70, 4, '2022-05-31'),
	(313, 70, 6, '2022-05-31'),
	(314, 70, 9, '2022-05-31'),
	(315, 70, 10, '2022-05-31'),
	(316, 71, 1, '2023-10-07'),
	(317, 71, 2, '2023-10-07'),
	(318, 71, 3, '2023-10-07'),
	(319, 71, 4, '2023-10-07'),
	(320, 71, 8, '2023-10-07'),
	(321, 73, 3, '2022-09-24'),
	(322, 73, 5, '2022-09-24'),
	(323, 73, 7, '2022-09-24'),
	(324, 73, 9, '2022-09-24'),
	(325, 73, 10, '2022-09-24'),
	(326, 74, 2, '2023-10-10'),
	(327, 74, 3, '2023-10-10'),
	(328, 74, 5, '2023-10-10'),
	(329, 74, 7, '2023-10-10'),
	(330, 74, 9, '2023-10-10'),
	(331, 75, 3, '2022-12-05'),
	(332, 75, 4, '2022-12-05'),
	(333, 75, 7, '2022-12-05'),
	(334, 75, 9, '2022-12-05'),
	(335, 75, 10, '2022-12-05'),
	(336, 76, 1, '2022-03-21'),
	(337, 76, 3, '2022-03-21'),
	(338, 76, 6, '2022-03-21'),
	(339, 76, 7, '2022-03-21'),
	(340, 76, 8, '2022-03-21'),
	(341, 80, 2, '2023-04-30'),
	(342, 80, 4, '2023-04-30'),
	(343, 80, 6, '2023-04-30'),
	(344, 80, 8, '2023-04-30'),
	(345, 80, 9, '2023-04-30'),
	(346, 81, 1, '2023-08-05'),
	(347, 81, 2, '2023-08-05'),
	(348, 81, 3, '2023-08-05'),
	(349, 81, 8, '2023-08-05'),
	(350, 81, 10, '2023-08-05'),
	(351, 82, 1, '2023-01-17'),
	(352, 82, 4, '2023-01-17'),
	(353, 82, 7, '2023-01-17'),
	(354, 82, 8, '2023-01-17'),
	(355, 82, 10, '2023-01-17'),
	(356, 83, 1, '2023-01-31'),
	(357, 83, 3, '2023-01-31'),
	(358, 83, 5, '2023-01-31'),
	(359, 83, 8, '2023-01-31'),
	(360, 83, 10, '2023-01-31'),
	(361, 84, 4, '2022-07-30'),
	(362, 84, 6, '2022-07-30'),
	(363, 84, 7, '2022-07-30'),
	(364, 84, 8, '2022-07-30'),
	(365, 84, 10, '2022-07-30'),
	(366, 86, 2, '2023-07-16'),
	(367, 86, 4, '2023-07-16'),
	(368, 86, 6, '2023-07-16'),
	(369, 86, 8, '2023-07-16'),
	(370, 86, 10, '2023-07-16'),
	(371, 87, 5, '2022-07-17'),
	(372, 87, 7, '2022-07-17'),
	(373, 87, 8, '2022-07-17'),
	(374, 87, 9, '2022-07-17'),
	(375, 87, 10, '2022-07-17'),
	(376, 88, 1, '2023-09-02'),
	(377, 88, 4, '2023-09-02'),
	(378, 88, 5, '2023-09-02'),
	(379, 88, 6, '2023-09-02'),
	(380, 88, 10, '2023-09-02'),
	(381, 89, 1, '2023-01-13'),
	(382, 89, 3, '2023-01-13'),
	(383, 89, 7, '2023-01-13'),
	(384, 89, 8, '2023-01-13'),
	(385, 89, 9, '2023-01-13'),
	(386, 90, 3, '2023-03-05'),
	(387, 90, 4, '2023-03-05'),
	(388, 90, 6, '2023-03-05'),
	(389, 90, 7, '2023-03-05'),
	(390, 90, 10, '2023-03-05'),
	(391, 91, 2, '2022-04-05'),
	(392, 91, 3, '2022-04-05'),
	(393, 91, 6, '2022-04-05'),
	(394, 91, 9, '2022-04-05'),
	(395, 91, 10, '2022-04-05'),
	(396, 92, 2, '2022-10-06'),
	(397, 92, 4, '2022-10-06'),
	(398, 92, 6, '2022-10-06'),
	(399, 92, 8, '2022-10-06'),
	(400, 92, 9, '2022-10-06'),
	(401, 93, 1, '2022-04-21'),
	(402, 93, 3, '2022-04-21'),
	(403, 93, 5, '2022-04-21'),
	(404, 93, 6, '2022-04-21'),
	(405, 93, 10, '2022-04-21'),
	(406, 94, 2, '2022-04-29'),
	(407, 94, 4, '2022-04-29'),
	(408, 94, 5, '2022-04-29'),
	(409, 94, 7, '2022-04-29'),
	(410, 94, 8, '2022-04-29'),
	(411, 95, 5, '2022-09-22'),
	(412, 95, 6, '2022-09-22'),
	(413, 95, 8, '2022-09-22'),
	(414, 95, 9, '2022-09-22'),
	(415, 95, 10, '2022-09-22'),
	(416, 96, 1, '2023-01-21'),
	(417, 96, 2, '2023-01-21'),
	(418, 96, 4, '2023-01-21'),
	(419, 96, 7, '2023-01-21'),
	(420, 96, 10, '2023-01-21'),
	(421, 97, 1, '2022-04-18'),
	(422, 97, 3, '2022-04-18'),
	(423, 97, 4, '2022-04-18'),
	(424, 97, 5, '2022-04-18'),
	(425, 97, 8, '2022-04-18'),
	(426, 98, 1, '2022-09-09'),
	(427, 98, 5, '2022-09-09'),
	(428, 98, 7, '2022-09-09'),
	(429, 98, 8, '2022-09-09'),
	(430, 98, 9, '2022-09-09'),
	(431, 99, 3, '2022-02-25'),
	(432, 99, 5, '2022-02-25'),
	(433, 99, 6, '2022-02-25'),
	(434, 99, 9, '2022-02-25'),
	(435, 99, 10, '2022-02-25'),
	(436, 101, 1, '2022-03-07'),
	(437, 101, 3, '2022-03-07'),
	(438, 101, 5, '2022-03-07'),
	(439, 101, 7, '2022-03-07'),
	(440, 101, 8, '2022-03-07'),
	(441, 102, 1, '2022-09-27'),
	(442, 102, 4, '2022-09-27'),
	(443, 102, 5, '2022-09-27'),
	(444, 102, 7, '2022-09-27'),
	(445, 102, 8, '2022-09-27'),
	(446, 103, 1, '2023-07-14'),
	(447, 103, 3, '2023-07-14'),
	(448, 103, 5, '2023-07-14'),
	(449, 103, 6, '2023-07-14'),
	(450, 103, 9, '2023-07-14'),
	(451, 104, 1, '2023-04-15'),
	(452, 104, 2, '2023-04-15'),
	(453, 104, 3, '2023-04-15'),
	(454, 104, 5, '2023-04-15'),
	(455, 104, 7, '2023-04-15'),
	(456, 105, 2, '2023-07-12'),
	(457, 105, 5, '2023-07-12'),
	(458, 105, 6, '2023-07-12'),
	(459, 105, 8, '2023-07-12'),
	(460, 105, 9, '2023-07-12'),
	(461, 106, 2, '2022-06-12'),
	(462, 106, 5, '2022-06-12'),
	(463, 106, 8, '2022-06-12'),
	(464, 106, 9, '2022-06-12'),
	(465, 106, 10, '2022-06-12'),
	(466, 107, 1, '2023-03-01'),
	(467, 107, 2, '2023-03-01'),
	(468, 107, 4, '2023-03-01'),
	(469, 107, 6, '2023-03-01'),
	(470, 107, 8, '2023-03-01'),
	(471, 108, 2, '2023-08-16'),
	(472, 108, 3, '2023-08-16'),
	(473, 108, 5, '2023-08-16'),
	(474, 108, 6, '2023-08-16'),
	(475, 108, 10, '2023-08-16'),
	(476, 109, 2, '2022-04-05'),
	(477, 109, 7, '2022-04-05'),
	(478, 109, 8, '2022-04-05'),
	(479, 109, 9, '2022-04-05'),
	(480, 109, 10, '2022-04-05'),
	(481, 110, 1, '2023-09-03'),
	(482, 110, 3, '2023-09-03'),
	(483, 110, 4, '2023-09-03'),
	(484, 110, 7, '2023-09-03'),
	(485, 110, 10, '2023-09-03'),
	(486, 111, 2, '2022-11-17'),
	(487, 111, 3, '2022-11-17'),
	(488, 111, 7, '2022-11-17'),
	(489, 111, 9, '2022-11-17'),
	(490, 111, 10, '2022-11-17'),
	(491, 112, 1, '2023-10-11'),
	(492, 112, 3, '2023-10-11'),
	(493, 112, 5, '2023-10-11'),
	(494, 112, 7, '2023-10-11'),
	(495, 112, 9, '2023-10-11'),
	(496, 113, 2, '2022-03-27'),
	(497, 113, 3, '2022-03-27'),
	(498, 113, 5, '2022-03-27'),
	(499, 113, 7, '2022-03-27'),
	(500, 113, 9, '2022-03-27'),
	(501, 114, 1, '2023-05-24'),
	(502, 114, 4, '2023-05-24'),
	(503, 114, 8, '2023-05-24'),
	(504, 114, 9, '2023-05-24'),
	(505, 114, 10, '2023-05-24'),
	(506, 115, 2, '2022-02-24'),
	(507, 115, 3, '2022-02-24'),
	(508, 115, 4, '2022-02-24'),
	(509, 115, 5, '2022-02-24'),
	(510, 115, 10, '2022-02-24'),
	(511, 116, 1, '2022-03-16'),
	(512, 116, 3, '2022-03-16'),
	(513, 116, 5, '2022-03-16'),
	(514, 116, 7, '2022-03-16'),
	(515, 116, 9, '2022-03-16'),
	(516, 117, 1, '2022-11-22'),
	(517, 117, 2, '2022-11-22'),
	(518, 117, 5, '2022-11-22'),
	(519, 117, 6, '2022-11-22'),
	(520, 117, 10, '2022-11-22'),
	(521, 118, 3, '2022-03-27'),
	(522, 118, 7, '2022-03-27'),
	(523, 118, 8, '2022-03-27'),
	(524, 118, 9, '2022-03-27'),
	(525, 118, 10, '2022-03-27'),
	(526, 119, 1, '2023-01-17'),
	(527, 119, 2, '2023-01-17'),
	(528, 119, 6, '2023-01-17'),
	(529, 119, 8, '2023-01-17'),
	(530, 119, 10, '2023-01-17'),
	(531, 120, 1, '2023-05-24'),
	(532, 120, 4, '2023-05-24'),
	(533, 120, 6, '2023-05-24'),
	(534, 120, 7, '2023-05-24'),
	(535, 120, 8, '2023-05-24'),
	(536, 121, 2, '2023-09-18'),
	(537, 121, 4, '2023-09-18'),
	(538, 121, 5, '2023-09-18'),
	(539, 121, 6, '2023-09-18'),
	(540, 121, 10, '2023-09-18'),
	(541, 122, 1, '2022-10-17'),
	(542, 122, 2, '2022-10-17'),
	(543, 122, 7, '2022-10-17'),
	(544, 122, 8, '2022-10-17'),
	(545, 122, 9, '2022-10-17'),
	(546, 123, 1, '2023-08-02'),
	(547, 123, 2, '2023-08-02'),
	(548, 123, 5, '2023-08-02'),
	(549, 123, 7, '2023-08-02'),
	(550, 123, 10, '2023-08-02'),
	(551, 124, 2, '2022-11-08'),
	(552, 124, 3, '2022-11-08'),
	(553, 124, 4, '2022-11-08'),
	(554, 124, 5, '2022-11-08'),
	(555, 124, 8, '2022-11-08'),
	(556, 125, 2, '2022-11-12'),
	(557, 125, 3, '2022-11-12'),
	(558, 125, 7, '2022-11-12'),
	(559, 125, 8, '2022-11-12'),
	(560, 125, 9, '2022-11-12'),
	(561, 126, 1, '2023-08-28'),
	(562, 126, 2, '2023-08-28'),
	(563, 126, 4, '2023-08-28'),
	(564, 126, 5, '2023-08-28'),
	(565, 126, 7, '2023-08-28'),
	(566, 127, 1, '2023-11-16'),
	(567, 127, 5, '2023-11-16'),
	(568, 127, 6, '2023-11-16'),
	(569, 127, 8, '2023-11-16'),
	(570, 127, 10, '2023-11-16'),
	(571, 128, 4, '2022-01-25'),
	(572, 128, 5, '2022-01-25'),
	(573, 128, 6, '2022-01-25'),
	(574, 128, 9, '2022-01-25'),
	(575, 128, 10, '2022-01-25'),
	(576, 129, 3, '2022-10-29'),
	(577, 129, 4, '2022-10-29'),
	(578, 129, 5, '2022-10-29'),
	(579, 129, 6, '2022-10-29'),
	(580, 129, 7, '2022-10-29'),
	(581, 130, 1, '2023-09-22'),
	(582, 130, 4, '2023-09-22'),
	(583, 130, 6, '2023-09-22'),
	(584, 130, 7, '2023-09-22'),
	(585, 130, 10, '2023-09-22'),
	(586, 132, 3, '2023-06-30'),
	(587, 132, 5, '2023-06-30'),
	(588, 132, 6, '2023-06-30'),
	(589, 132, 9, '2023-06-30'),
	(590, 132, 10, '2023-06-30'),
	(591, 133, 1, '2023-03-20'),
	(592, 133, 2, '2023-03-20'),
	(593, 133, 6, '2023-03-20'),
	(594, 133, 8, '2023-03-20'),
	(595, 133, 10, '2023-03-20'),
	(596, 134, 4, '2023-02-08'),
	(597, 134, 6, '2023-02-08'),
	(598, 134, 7, '2023-02-08'),
	(599, 134, 8, '2023-02-08'),
	(600, 134, 10, '2023-02-08'),
	(601, 135, 1, '2022-09-01'),
	(602, 135, 4, '2022-09-01'),
	(603, 135, 6, '2022-09-01'),
	(604, 135, 9, '2022-09-01'),
	(605, 135, 10, '2022-09-01'),
	(606, 136, 1, '2022-04-02'),
	(607, 136, 3, '2022-04-02'),
	(608, 136, 7, '2022-04-02'),
	(609, 136, 8, '2022-04-02'),
	(610, 136, 9, '2022-04-02'),
	(611, 137, 2, '2022-06-27'),
	(612, 137, 4, '2022-06-27'),
	(613, 137, 7, '2022-06-27'),
	(614, 137, 8, '2022-06-27'),
	(615, 137, 10, '2022-06-27'),
	(616, 138, 1, '2023-02-11'),
	(617, 138, 2, '2023-02-11'),
	(618, 138, 5, '2023-02-11'),
	(619, 138, 8, '2023-02-11'),
	(620, 138, 9, '2023-02-11'),
	(621, 139, 1, '2022-08-25'),
	(622, 139, 3, '2022-08-25'),
	(623, 139, 5, '2022-08-25'),
	(624, 139, 8, '2022-08-25'),
	(625, 139, 10, '2022-08-25'),
	(626, 140, 1, '2023-03-06'),
	(627, 140, 2, '2023-03-06'),
	(628, 140, 7, '2023-03-06'),
	(629, 140, 8, '2023-03-06'),
	(630, 140, 9, '2023-03-06'),
	(631, 141, 3, '2022-05-05'),
	(632, 141, 4, '2022-05-05'),
	(633, 141, 6, '2022-05-05'),
	(634, 141, 7, '2022-05-05'),
	(635, 141, 9, '2022-05-05'),
	(636, 142, 1, '2022-09-13'),
	(637, 142, 2, '2022-09-13'),
	(638, 142, 4, '2022-09-13'),
	(639, 142, 8, '2022-09-13'),
	(640, 142, 9, '2022-09-13'),
	(641, 143, 1, '2022-04-13'),
	(642, 143, 2, '2022-04-13'),
	(643, 143, 4, '2022-04-13'),
	(644, 143, 5, '2022-04-13'),
	(645, 143, 6, '2022-04-13'),
	(646, 144, 2, '2022-11-11'),
	(647, 144, 4, '2022-11-11'),
	(648, 144, 7, '2022-11-11'),
	(649, 144, 8, '2022-11-11'),
	(650, 144, 9, '2022-11-11'),
	(651, 145, 1, '2022-05-19'),
	(652, 145, 2, '2022-05-19'),
	(653, 145, 3, '2022-05-19'),
	(654, 145, 4, '2022-05-19'),
	(655, 145, 9, '2022-05-19'),
	(656, 146, 1, '2022-01-13'),
	(657, 146, 3, '2022-01-13'),
	(658, 146, 4, '2022-01-13'),
	(659, 146, 6, '2022-01-13'),
	(660, 146, 9, '2022-01-13'),
	(661, 147, 1, '2022-11-12'),
	(662, 147, 3, '2022-11-12'),
	(663, 147, 5, '2022-11-12'),
	(664, 147, 6, '2022-11-12'),
	(665, 147, 10, '2022-11-12'),
	(666, 148, 2, '2023-04-21'),
	(667, 148, 4, '2023-04-21'),
	(668, 148, 5, '2023-04-21'),
	(669, 148, 6, '2023-04-21'),
	(670, 148, 10, '2023-04-21'),
	(671, 149, 1, '2023-04-21'),
	(672, 149, 2, '2023-04-21'),
	(673, 149, 3, '2023-04-21'),
	(674, 149, 5, '2023-04-21'),
	(675, 149, 6, '2023-04-21'),
	(676, 150, 1, '2022-01-06'),
	(677, 150, 2, '2022-01-06'),
	(678, 150, 3, '2022-01-06'),
	(679, 150, 6, '2022-01-06'),
	(680, 150, 7, '2022-01-06'),
	(681, 153, 2, '2022-04-27'),
	(682, 153, 4, '2022-04-27'),
	(683, 153, 6, '2022-04-27'),
	(684, 153, 7, '2022-04-27'),
	(685, 153, 8, '2022-04-27'),
	(686, 154, 4, '2023-09-20'),
	(687, 154, 5, '2023-09-20'),
	(688, 154, 6, '2023-09-20'),
	(689, 154, 7, '2023-09-20'),
	(690, 154, 10, '2023-09-20'),
	(691, 155, 1, '2022-06-29'),
	(692, 155, 2, '2022-06-29'),
	(693, 155, 7, '2022-06-29'),
	(694, 155, 8, '2022-06-29'),
	(695, 155, 9, '2022-06-29'),
	(696, 157, 2, '2022-03-21'),
	(697, 157, 4, '2022-03-21'),
	(698, 157, 5, '2022-03-21'),
	(699, 157, 8, '2022-03-21'),
	(700, 157, 10, '2022-03-21'),
	(701, 158, 1, '2023-03-25'),
	(702, 158, 2, '2023-03-25'),
	(703, 158, 7, '2023-03-25'),
	(704, 158, 8, '2023-03-25'),
	(705, 158, 9, '2023-03-25'),
	(706, 159, 1, '2022-09-27'),
	(707, 159, 2, '2022-09-27'),
	(708, 159, 5, '2022-09-27'),
	(709, 159, 7, '2022-09-27'),
	(710, 159, 8, '2022-09-27'),
	(711, 160, 1, '2022-04-08'),
	(712, 160, 2, '2022-04-08'),
	(713, 160, 4, '2022-04-08'),
	(714, 160, 6, '2022-04-08'),
	(715, 160, 7, '2022-04-08'),
	(716, 161, 1, '2023-08-08'),
	(717, 161, 2, '2023-08-08'),
	(718, 161, 5, '2023-08-08'),
	(719, 161, 8, '2023-08-08'),
	(720, 161, 9, '2023-08-08'),
	(721, 162, 3, '2023-02-15'),
	(722, 162, 6, '2023-02-15'),
	(723, 162, 7, '2023-02-15'),
	(724, 162, 8, '2023-02-15'),
	(725, 162, 9, '2023-02-15'),
	(726, 164, 1, '2022-04-19'),
	(727, 164, 2, '2022-04-19'),
	(728, 164, 3, '2022-04-19'),
	(729, 164, 5, '2022-04-19'),
	(730, 164, 8, '2022-04-19'),
	(731, 165, 2, '2023-08-29'),
	(732, 165, 3, '2023-08-29'),
	(733, 165, 4, '2023-08-29'),
	(734, 165, 6, '2023-08-29'),
	(735, 165, 7, '2023-08-29'),
	(736, 166, 2, '2022-05-22'),
	(737, 166, 4, '2022-05-22'),
	(738, 166, 5, '2022-05-22'),
	(739, 166, 6, '2022-05-22'),
	(740, 166, 7, '2022-05-22'),
	(741, 167, 3, '2022-03-04'),
	(742, 167, 4, '2022-03-04'),
	(743, 167, 5, '2022-03-04'),
	(744, 167, 6, '2022-03-04'),
	(745, 167, 10, '2022-03-04'),
	(746, 168, 3, '2022-04-13'),
	(747, 168, 7, '2022-04-13'),
	(748, 168, 8, '2022-04-13'),
	(749, 168, 9, '2022-04-13'),
	(750, 168, 10, '2022-04-13'),
	(751, 169, 2, '2022-07-01'),
	(752, 169, 3, '2022-07-01'),
	(753, 169, 4, '2022-07-01'),
	(754, 169, 8, '2022-07-01'),
	(755, 169, 9, '2022-07-01'),
	(756, 170, 4, '2022-02-14'),
	(757, 170, 5, '2022-02-14'),
	(758, 170, 6, '2022-02-14'),
	(759, 170, 9, '2022-02-14'),
	(760, 170, 10, '2022-02-14'),
	(761, 171, 1, '2022-08-15'),
	(762, 171, 3, '2022-08-15'),
	(763, 171, 4, '2022-08-15'),
	(764, 171, 7, '2022-08-15'),
	(765, 171, 9, '2022-08-15'),
	(766, 172, 2, '2023-02-13'),
	(767, 172, 4, '2023-02-13'),
	(768, 172, 5, '2023-02-13'),
	(769, 172, 6, '2023-02-13'),
	(770, 172, 10, '2023-02-13'),
	(771, 173, 3, '2022-10-15'),
	(772, 173, 4, '2022-10-15'),
	(773, 173, 6, '2022-10-15'),
	(774, 173, 7, '2022-10-15'),
	(775, 173, 9, '2022-10-15'),
	(776, 174, 1, '2022-01-27'),
	(777, 174, 3, '2022-01-27'),
	(778, 174, 4, '2022-01-27'),
	(779, 174, 7, '2022-01-27'),
	(780, 174, 8, '2022-01-27'),
	(781, 175, 1, '2023-07-04'),
	(782, 175, 2, '2023-07-04'),
	(783, 175, 5, '2023-07-04'),
	(784, 175, 6, '2023-07-04'),
	(785, 175, 10, '2023-07-04'),
	(786, 176, 1, '2022-07-13'),
	(787, 176, 2, '2022-07-13'),
	(788, 176, 3, '2022-07-13'),
	(789, 176, 7, '2022-07-13'),
	(790, 176, 10, '2022-07-13'),
	(791, 177, 2, '2023-05-24'),
	(792, 177, 4, '2023-05-24'),
	(793, 177, 5, '2023-05-24'),
	(794, 177, 7, '2023-05-24'),
	(795, 177, 9, '2023-05-24'),
	(796, 178, 4, '2023-08-01'),
	(797, 178, 6, '2023-08-01'),
	(798, 178, 7, '2023-08-01'),
	(799, 178, 8, '2023-08-01'),
	(800, 178, 9, '2023-08-01'),
	(801, 179, 2, '2023-08-28'),
	(802, 179, 3, '2023-08-28'),
	(803, 179, 4, '2023-08-28'),
	(804, 179, 8, '2023-08-28'),
	(805, 179, 9, '2023-08-28'),
	(806, 180, 2, '2022-11-09'),
	(807, 180, 4, '2022-11-09'),
	(808, 180, 5, '2022-11-09'),
	(809, 180, 6, '2022-11-09'),
	(810, 180, 8, '2022-11-09'),
	(811, 181, 3, '2022-05-10'),
	(812, 181, 4, '2022-05-10'),
	(813, 181, 6, '2022-05-10'),
	(814, 181, 8, '2022-05-10'),
	(815, 181, 9, '2022-05-10'),
	(816, 182, 1, '2022-03-23'),
	(817, 182, 6, '2022-03-23'),
	(818, 182, 8, '2022-03-23'),
	(819, 182, 9, '2022-03-23'),
	(820, 182, 10, '2022-03-23'),
	(821, 183, 3, '2022-02-16'),
	(822, 183, 4, '2022-02-16'),
	(823, 183, 5, '2022-02-16'),
	(824, 183, 7, '2022-02-16'),
	(825, 183, 9, '2022-02-16'),
	(826, 184, 2, '2023-08-11'),
	(827, 184, 3, '2023-08-11'),
	(828, 184, 4, '2023-08-11'),
	(829, 184, 7, '2023-08-11'),
	(830, 184, 10, '2023-08-11'),
	(831, 185, 1, '2023-10-24'),
	(832, 185, 3, '2023-10-24'),
	(833, 185, 4, '2023-10-24'),
	(834, 185, 9, '2023-10-24'),
	(835, 185, 10, '2023-10-24'),
	(836, 186, 1, '2022-07-08'),
	(837, 186, 3, '2022-07-08'),
	(838, 186, 4, '2022-07-08'),
	(839, 186, 7, '2022-07-08'),
	(840, 186, 8, '2022-07-08'),
	(841, 187, 1, '2023-07-27'),
	(842, 187, 2, '2023-07-27'),
	(843, 187, 7, '2023-07-27'),
	(844, 187, 8, '2023-07-27'),
	(845, 187, 10, '2023-07-27'),
	(846, 188, 2, '2022-01-08'),
	(847, 188, 3, '2022-01-08'),
	(848, 188, 5, '2022-01-08'),
	(849, 188, 6, '2022-01-08'),
	(850, 188, 10, '2022-01-08'),
	(851, 189, 1, '2022-01-28'),
	(852, 189, 3, '2022-01-28'),
	(853, 189, 5, '2022-01-28'),
	(854, 189, 7, '2022-01-28'),
	(855, 189, 10, '2022-01-28'),
	(856, 190, 1, '2022-09-10'),
	(857, 190, 2, '2022-09-10'),
	(858, 190, 3, '2022-09-10'),
	(859, 190, 7, '2022-09-10'),
	(860, 190, 9, '2022-09-10'),
	(861, 191, 3, '2023-09-23'),
	(862, 191, 4, '2023-09-23'),
	(863, 191, 6, '2023-09-23'),
	(864, 191, 7, '2023-09-23'),
	(865, 191, 10, '2023-09-23'),
	(866, 192, 3, '2022-12-29'),
	(867, 192, 4, '2022-12-29'),
	(868, 192, 5, '2022-12-29'),
	(869, 192, 6, '2022-12-29'),
	(870, 192, 10, '2022-12-29'),
	(871, 193, 1, '2023-01-12'),
	(872, 193, 4, '2023-01-12'),
	(873, 193, 5, '2023-01-12'),
	(874, 193, 6, '2023-01-12'),
	(875, 193, 10, '2023-01-12'),
	(876, 194, 4, '2022-06-20'),
	(877, 194, 5, '2022-06-20'),
	(878, 194, 6, '2022-06-20'),
	(879, 194, 7, '2022-06-20'),
	(880, 194, 10, '2022-06-20'),
	(881, 195, 1, '2023-10-18'),
	(882, 195, 3, '2023-10-18'),
	(883, 195, 4, '2023-10-18'),
	(884, 195, 7, '2023-10-18'),
	(885, 195, 10, '2023-10-18'),
	(886, 196, 1, '2022-05-05'),
	(887, 196, 5, '2022-05-05'),
	(888, 196, 6, '2022-05-05'),
	(889, 196, 8, '2022-05-05'),
	(890, 196, 9, '2022-05-05'),
	(891, 197, 1, '2023-08-26'),
	(892, 197, 3, '2023-08-26'),
	(893, 197, 6, '2023-08-26'),
	(894, 197, 8, '2023-08-26'),
	(895, 197, 10, '2023-08-26'),
	(896, 198, 2, '2023-09-19'),
	(897, 198, 5, '2023-09-19'),
	(898, 198, 6, '2023-09-19'),
	(899, 198, 7, '2023-09-19'),
	(900, 198, 8, '2023-09-19'),
	(901, 199, 1, '2023-05-05'),
	(902, 199, 4, '2023-05-05'),
	(903, 199, 7, '2023-05-05'),
	(904, 199, 9, '2023-05-05'),
	(905, 199, 10, '2023-05-05'),
	(906, 200, 2, '2023-02-12'),
	(907, 200, 3, '2023-02-12'),
	(908, 200, 6, '2023-02-12'),
	(909, 200, 8, '2023-02-12'),
	(910, 200, 10, '2023-02-12'),
	(911, 201, 1, '2022-08-01'),
	(912, 201, 2, '2022-08-01'),
	(913, 201, 6, '2022-08-01'),
	(914, 201, 7, '2022-08-01'),
	(915, 201, 10, '2022-08-01'),
	(916, 202, 1, '2023-03-24'),
	(917, 202, 3, '2023-03-24'),
	(918, 202, 4, '2023-03-24'),
	(919, 202, 5, '2023-03-24'),
	(920, 202, 7, '2023-03-24'),
	(921, 203, 3, '2023-10-14'),
	(922, 203, 4, '2023-10-14'),
	(923, 203, 5, '2023-10-14'),
	(924, 203, 9, '2023-10-14'),
	(925, 203, 10, '2023-10-14'),
	(926, 204, 2, '2022-05-31'),
	(927, 204, 3, '2022-05-31'),
	(928, 204, 4, '2022-05-31'),
	(929, 204, 7, '2022-05-31'),
	(930, 204, 10, '2022-05-31'),
	(931, 205, 2, '2022-01-02'),
	(932, 205, 5, '2022-01-02'),
	(933, 205, 6, '2022-01-02'),
	(934, 205, 8, '2022-01-02'),
	(935, 205, 10, '2022-01-02'),
	(936, 206, 1, '2023-09-09'),
	(937, 206, 2, '2023-09-09'),
	(938, 206, 7, '2023-09-09'),
	(939, 206, 8, '2023-09-09'),
	(940, 206, 10, '2023-09-09'),
	(941, 207, 1, '2022-04-20'),
	(942, 207, 3, '2022-04-20'),
	(943, 207, 5, '2022-04-20'),
	(944, 207, 8, '2022-04-20'),
	(945, 207, 9, '2022-04-20'),
	(946, 208, 2, '2022-09-03'),
	(947, 208, 4, '2022-09-03'),
	(948, 208, 5, '2022-09-03'),
	(949, 208, 9, '2022-09-03'),
	(950, 208, 10, '2022-09-03'),
	(951, 209, 4, '2023-07-27'),
	(952, 209, 5, '2023-07-27'),
	(953, 209, 6, '2023-07-27'),
	(954, 209, 8, '2023-07-27'),
	(955, 209, 10, '2023-07-27'),
	(956, 210, 1, '2023-06-28'),
	(957, 210, 3, '2023-06-28'),
	(958, 210, 5, '2023-06-28'),
	(959, 210, 6, '2023-06-28'),
	(960, 210, 8, '2023-06-28'),
	(961, 211, 2, '2023-03-01'),
	(962, 211, 3, '2023-03-01'),
	(963, 211, 5, '2023-03-01'),
	(964, 211, 6, '2023-03-01'),
	(965, 211, 7, '2023-03-01'),
	(966, 213, 2, '2022-09-02'),
	(967, 213, 4, '2022-09-02'),
	(968, 213, 6, '2022-09-02'),
	(969, 213, 8, '2022-09-02'),
	(970, 213, 9, '2022-09-02'),
	(971, 214, 3, '2022-12-17'),
	(972, 214, 6, '2022-12-17'),
	(973, 214, 7, '2022-12-17'),
	(974, 214, 8, '2022-12-17'),
	(975, 214, 9, '2022-12-17'),
	(976, 215, 1, '2022-09-17'),
	(977, 215, 5, '2022-09-17'),
	(978, 215, 6, '2022-09-17'),
	(979, 215, 7, '2022-09-17'),
	(980, 215, 10, '2022-09-17'),
	(981, 216, 2, '2023-08-07'),
	(982, 216, 5, '2023-08-07'),
	(983, 216, 6, '2023-08-07'),
	(984, 216, 7, '2023-08-07'),
	(985, 216, 10, '2023-08-07'),
	(986, 217, 1, '2023-09-03'),
	(987, 217, 4, '2023-09-03'),
	(988, 217, 6, '2023-09-03'),
	(989, 217, 7, '2023-09-03'),
	(990, 217, 8, '2023-09-03'),
	(991, 218, 1, '2023-10-17'),
	(992, 218, 2, '2023-10-17'),
	(993, 218, 5, '2023-10-17'),
	(994, 218, 8, '2023-10-17'),
	(995, 218, 9, '2023-10-17'),
	(996, 219, 2, '2022-04-06'),
	(997, 219, 5, '2022-04-06'),
	(998, 219, 7, '2022-04-06'),
	(999, 219, 9, '2022-04-06'),
	(1000, 219, 10, '2022-04-06'),
	(1001, 220, 3, '2023-06-28'),
	(1002, 220, 7, '2023-06-28'),
	(1003, 220, 8, '2023-06-28'),
	(1004, 220, 9, '2023-06-28'),
	(1005, 220, 10, '2023-06-28'),
	(1006, 221, 1, '2022-12-20'),
	(1007, 221, 5, '2022-12-20'),
	(1008, 221, 6, '2022-12-20'),
	(1009, 221, 7, '2022-12-20'),
	(1010, 221, 9, '2022-12-20'),
	(1011, 222, 1, '2022-03-07'),
	(1012, 222, 2, '2022-03-07'),
	(1013, 222, 3, '2022-03-07'),
	(1014, 222, 7, '2022-03-07'),
	(1015, 222, 8, '2022-03-07'),
	(1016, 223, 4, '2022-02-05'),
	(1017, 223, 5, '2022-02-05'),
	(1018, 223, 7, '2022-02-05'),
	(1019, 223, 8, '2022-02-05'),
	(1020, 223, 9, '2022-02-05'),
	(1021, 224, 3, '2023-07-11'),
	(1022, 224, 5, '2023-07-11'),
	(1023, 224, 6, '2023-07-11'),
	(1024, 224, 7, '2023-07-11'),
	(1025, 224, 10, '2023-07-11'),
	(1026, 225, 1, '2023-04-22'),
	(1027, 225, 3, '2023-04-22'),
	(1028, 225, 4, '2023-04-22'),
	(1029, 225, 5, '2023-04-22'),
	(1030, 225, 9, '2023-04-22'),
	(1031, 226, 1, '2022-04-30'),
	(1032, 226, 2, '2022-04-30'),
	(1033, 226, 7, '2022-04-30'),
	(1034, 226, 9, '2022-04-30'),
	(1035, 226, 10, '2022-04-30'),
	(1036, 227, 1, '2023-05-26'),
	(1037, 227, 3, '2023-05-26'),
	(1038, 227, 4, '2023-05-26'),
	(1039, 227, 5, '2023-05-26'),
	(1040, 227, 9, '2023-05-26'),
	(1041, 229, 4, '2022-07-09'),
	(1042, 229, 5, '2022-07-09'),
	(1043, 229, 6, '2022-07-09'),
	(1044, 229, 7, '2022-07-09'),
	(1045, 229, 8, '2022-07-09'),
	(1046, 230, 1, '2023-11-11'),
	(1047, 230, 2, '2023-11-11'),
	(1048, 230, 3, '2023-11-11'),
	(1049, 230, 5, '2023-11-11'),
	(1050, 230, 7, '2023-11-11'),
	(1051, 231, 1, '2022-10-27'),
	(1052, 231, 3, '2022-10-27'),
	(1053, 231, 6, '2022-10-27'),
	(1054, 231, 7, '2022-10-27'),
	(1055, 231, 10, '2022-10-27'),
	(1056, 232, 1, '2023-03-07'),
	(1057, 232, 2, '2023-03-07'),
	(1058, 232, 4, '2023-03-07'),
	(1059, 232, 6, '2023-03-07'),
	(1060, 232, 7, '2023-03-07'),
	(1061, 233, 1, '2023-09-14'),
	(1062, 233, 3, '2023-09-14'),
	(1063, 233, 6, '2023-09-14'),
	(1064, 233, 8, '2023-09-14'),
	(1065, 233, 10, '2023-09-14'),
	(1066, 234, 5, '2023-09-13'),
	(1067, 234, 6, '2023-09-13'),
	(1068, 234, 7, '2023-09-13'),
	(1069, 234, 8, '2023-09-13'),
	(1070, 234, 9, '2023-09-13'),
	(1071, 235, 3, '2023-06-03'),
	(1072, 235, 4, '2023-06-03'),
	(1073, 235, 5, '2023-06-03'),
	(1074, 235, 7, '2023-06-03'),
	(1075, 235, 8, '2023-06-03'),
	(1076, 236, 1, '2023-11-18'),
	(1077, 236, 4, '2023-11-18'),
	(1078, 236, 6, '2023-11-18'),
	(1079, 236, 8, '2023-11-18'),
	(1080, 236, 9, '2023-11-18'),
	(1081, 237, 1, '2022-09-20'),
	(1082, 237, 5, '2022-09-20'),
	(1083, 237, 7, '2022-09-20'),
	(1084, 237, 8, '2022-09-20'),
	(1085, 237, 9, '2022-09-20'),
	(1086, 238, 1, '2023-08-08'),
	(1087, 238, 4, '2023-08-08'),
	(1088, 238, 7, '2023-08-08'),
	(1089, 238, 8, '2023-08-08'),
	(1090, 238, 9, '2023-08-08'),
	(1091, 239, 1, '2022-04-13'),
	(1092, 239, 3, '2022-04-13'),
	(1093, 239, 4, '2022-04-13'),
	(1094, 239, 5, '2022-04-13'),
	(1095, 239, 7, '2022-04-13'),
	(1096, 240, 2, '2023-10-06'),
	(1097, 240, 4, '2023-10-06'),
	(1098, 240, 6, '2023-10-06'),
	(1099, 240, 7, '2023-10-06'),
	(1100, 240, 9, '2023-10-06'),
	(1101, 241, 3, '2022-05-02'),
	(1102, 241, 4, '2022-05-02'),
	(1103, 241, 6, '2022-05-02'),
	(1104, 241, 7, '2022-05-02'),
	(1105, 241, 8, '2022-05-02'),
	(1106, 242, 1, '2022-07-20'),
	(1107, 242, 3, '2022-07-20'),
	(1108, 242, 4, '2022-07-20'),
	(1109, 242, 5, '2022-07-20'),
	(1110, 242, 6, '2022-07-20'),
	(1111, 244, 1, '2023-08-15'),
	(1112, 244, 4, '2023-08-15'),
	(1113, 244, 5, '2023-08-15'),
	(1114, 244, 6, '2023-08-15'),
	(1115, 244, 7, '2023-08-15'),
	(1116, 245, 1, '2022-08-12'),
	(1117, 245, 2, '2022-08-12'),
	(1118, 245, 3, '2022-08-12'),
	(1119, 245, 5, '2022-08-12'),
	(1120, 245, 10, '2022-08-12'),
	(1121, 246, 1, '2023-07-13'),
	(1122, 246, 4, '2023-07-13'),
	(1123, 246, 7, '2023-07-13'),
	(1124, 246, 8, '2023-07-13'),
	(1125, 246, 10, '2023-07-13'),
	(1126, 247, 1, '2022-08-15'),
	(1127, 247, 3, '2022-08-15'),
	(1128, 247, 6, '2022-08-15'),
	(1129, 247, 9, '2022-08-15'),
	(1130, 247, 10, '2022-08-15'),
	(1131, 248, 2, '2023-01-26'),
	(1132, 248, 7, '2023-01-26'),
	(1133, 248, 8, '2023-01-26'),
	(1134, 248, 9, '2023-01-26'),
	(1135, 248, 10, '2023-01-26'),
	(1136, 249, 3, '2022-12-12'),
	(1137, 249, 5, '2022-12-12'),
	(1138, 249, 7, '2022-12-12'),
	(1139, 249, 8, '2022-12-12'),
	(1140, 249, 10, '2022-12-12'),
	(1141, 250, 1, '2022-06-20'),
	(1142, 250, 2, '2022-06-20'),
	(1143, 250, 3, '2022-06-20'),
	(1144, 250, 5, '2022-06-20'),
	(1145, 250, 6, '2022-06-20'),
	(1146, 251, 2, '2022-08-16'),
	(1147, 251, 4, '2022-08-16'),
	(1148, 251, 6, '2022-08-16'),
	(1149, 251, 7, '2022-08-16'),
	(1150, 251, 9, '2022-08-16'),
	(1151, 252, 3, '2022-10-26'),
	(1152, 252, 4, '2022-10-26'),
	(1153, 252, 6, '2022-10-26'),
	(1154, 252, 8, '2022-10-26'),
	(1155, 252, 10, '2022-10-26'),
	(1156, 253, 1, '2023-03-08'),
	(1157, 253, 3, '2023-03-08'),
	(1158, 253, 5, '2023-03-08'),
	(1159, 253, 7, '2023-03-08'),
	(1160, 253, 9, '2023-03-08'),
	(1161, 254, 1, '2022-03-07'),
	(1162, 254, 3, '2022-03-07'),
	(1163, 254, 4, '2022-03-07'),
	(1164, 254, 7, '2022-03-07'),
	(1165, 254, 8, '2022-03-07'),
	(1166, 255, 3, '2022-11-16'),
	(1167, 255, 5, '2022-11-16'),
	(1168, 255, 7, '2022-11-16'),
	(1169, 255, 8, '2022-11-16'),
	(1170, 255, 9, '2022-11-16'),
	(1171, 256, 2, '2023-10-02'),
	(1172, 256, 3, '2023-10-02'),
	(1173, 256, 5, '2023-10-02'),
	(1174, 256, 8, '2023-10-02'),
	(1175, 256, 9, '2023-10-02'),
	(1176, 257, 2, '2023-02-05'),
	(1177, 257, 4, '2023-02-05'),
	(1178, 257, 5, '2023-02-05'),
	(1179, 257, 7, '2023-02-05'),
	(1180, 257, 9, '2023-02-05'),
	(1181, 258, 3, '2022-12-14'),
	(1182, 258, 5, '2022-12-14'),
	(1183, 258, 6, '2022-12-14'),
	(1184, 258, 9, '2022-12-14'),
	(1185, 258, 10, '2022-12-14'),
	(1186, 259, 1, '2022-05-03'),
	(1187, 259, 5, '2022-05-03'),
	(1188, 259, 8, '2022-05-03'),
	(1189, 259, 9, '2022-05-03'),
	(1190, 259, 10, '2022-05-03'),
	(1191, 260, 1, '2022-11-11'),
	(1192, 260, 2, '2022-11-11'),
	(1193, 260, 5, '2022-11-11'),
	(1194, 260, 6, '2022-11-11'),
	(1195, 260, 10, '2022-11-11'),
	(1196, 261, 1, '2023-11-17'),
	(1197, 261, 5, '2023-11-17'),
	(1198, 261, 7, '2023-11-17'),
	(1199, 261, 9, '2023-11-17'),
	(1200, 261, 10, '2023-11-17'),
	(1201, 263, 3, '2022-01-03'),
	(1202, 263, 4, '2022-01-03'),
	(1203, 263, 5, '2022-01-03'),
	(1204, 263, 8, '2022-01-03'),
	(1205, 263, 10, '2022-01-03'),
	(1206, 265, 1, '2023-03-31'),
	(1207, 265, 5, '2023-03-31'),
	(1208, 265, 6, '2023-03-31'),
	(1209, 265, 7, '2023-03-31'),
	(1210, 265, 9, '2023-03-31'),
	(1211, 266, 2, '2022-11-30'),
	(1212, 266, 3, '2022-11-30'),
	(1213, 266, 4, '2022-11-30'),
	(1214, 266, 5, '2022-11-30'),
	(1215, 266, 8, '2022-11-30'),
	(1216, 267, 1, '2022-09-17'),
	(1217, 267, 5, '2022-09-17'),
	(1218, 267, 6, '2022-09-17'),
	(1219, 267, 7, '2022-09-17'),
	(1220, 267, 8, '2022-09-17'),
	(1221, 268, 1, '2023-01-05'),
	(1222, 268, 2, '2023-01-05'),
	(1223, 268, 3, '2023-01-05'),
	(1224, 268, 6, '2023-01-05'),
	(1225, 268, 7, '2023-01-05'),
	(1226, 269, 3, '2022-12-22'),
	(1227, 269, 4, '2022-12-22'),
	(1228, 269, 6, '2022-12-22'),
	(1229, 269, 7, '2022-12-22'),
	(1230, 269, 8, '2022-12-22'),
	(1231, 270, 1, '2023-11-02'),
	(1232, 270, 2, '2023-11-02'),
	(1233, 270, 7, '2023-11-02'),
	(1234, 270, 9, '2023-11-02'),
	(1235, 270, 10, '2023-11-02'),
	(1236, 271, 1, '2022-01-05'),
	(1237, 271, 4, '2022-01-05'),
	(1238, 271, 6, '2022-01-05'),
	(1239, 271, 8, '2022-01-05'),
	(1240, 271, 9, '2022-01-05'),
	(1241, 272, 1, '2023-03-29'),
	(1242, 272, 3, '2023-03-29'),
	(1243, 272, 5, '2023-03-29'),
	(1244, 272, 6, '2023-03-29'),
	(1245, 272, 8, '2023-03-29'),
	(1246, 273, 2, '2023-10-23'),
	(1247, 273, 3, '2023-10-23'),
	(1248, 273, 4, '2023-10-23'),
	(1249, 273, 5, '2023-10-23'),
	(1250, 273, 8, '2023-10-23'),
	(1251, 274, 2, '2022-12-05'),
	(1252, 274, 3, '2022-12-05'),
	(1253, 274, 4, '2022-12-05'),
	(1254, 274, 6, '2022-12-05'),
	(1255, 274, 8, '2022-12-05'),
	(1256, 275, 2, '2022-03-23'),
	(1257, 275, 5, '2022-03-23'),
	(1258, 275, 6, '2022-03-23'),
	(1259, 275, 7, '2022-03-23'),
	(1260, 275, 8, '2022-03-23'),
	(1261, 276, 1, '2022-05-24'),
	(1262, 276, 2, '2022-05-24'),
	(1263, 276, 4, '2022-05-24'),
	(1264, 276, 6, '2022-05-24'),
	(1265, 276, 7, '2022-05-24'),
	(1266, 277, 1, '2023-03-02'),
	(1267, 277, 2, '2023-03-02'),
	(1268, 277, 3, '2023-03-02'),
	(1269, 277, 4, '2023-03-02'),
	(1270, 277, 6, '2023-03-02'),
	(1271, 278, 1, '2023-10-18'),
	(1272, 278, 2, '2023-10-18'),
	(1273, 278, 3, '2023-10-18'),
	(1274, 278, 5, '2023-10-18'),
	(1275, 278, 6, '2023-10-18'),
	(1276, 279, 4, '2022-12-07'),
	(1277, 279, 5, '2022-12-07'),
	(1278, 279, 6, '2022-12-07'),
	(1279, 279, 8, '2022-12-07'),
	(1280, 279, 10, '2022-12-07'),
	(1281, 280, 3, '2022-03-23'),
	(1282, 280, 4, '2022-03-23'),
	(1283, 280, 7, '2022-03-23'),
	(1284, 280, 8, '2022-03-23'),
	(1285, 280, 9, '2022-03-23'),
	(1286, 281, 1, '2022-03-30'),
	(1287, 281, 5, '2022-03-30'),
	(1288, 281, 6, '2022-03-30'),
	(1289, 281, 9, '2022-03-30'),
	(1290, 281, 10, '2022-03-30'),
	(1291, 282, 1, '2022-03-15'),
	(1292, 282, 3, '2022-03-15'),
	(1293, 282, 8, '2022-03-15'),
	(1294, 282, 9, '2022-03-15'),
	(1295, 282, 10, '2022-03-15'),
	(1296, 283, 3, '2022-01-26'),
	(1297, 283, 4, '2022-01-26'),
	(1298, 283, 5, '2022-01-26'),
	(1299, 283, 9, '2022-01-26'),
	(1300, 283, 10, '2022-01-26'),
	(1301, 284, 1, '2022-10-22'),
	(1302, 284, 3, '2022-10-22'),
	(1303, 284, 4, '2022-10-22'),
	(1304, 284, 7, '2022-10-22'),
	(1305, 284, 10, '2022-10-22'),
	(1306, 285, 4, '2022-06-09'),
	(1307, 285, 5, '2022-06-09'),
	(1308, 285, 6, '2022-06-09'),
	(1309, 285, 7, '2022-06-09'),
	(1310, 285, 8, '2022-06-09'),
	(1311, 287, 2, '2023-04-20'),
	(1312, 287, 3, '2023-04-20'),
	(1313, 287, 6, '2023-04-20'),
	(1314, 287, 7, '2023-04-20'),
	(1315, 287, 8, '2023-04-20'),
	(1316, 289, 2, '2022-11-24'),
	(1317, 289, 3, '2022-11-24'),
	(1318, 289, 5, '2022-11-24'),
	(1319, 289, 7, '2022-11-24'),
	(1320, 289, 9, '2022-11-24'),
	(1321, 291, 2, '2023-06-29'),
	(1322, 291, 5, '2023-06-29'),
	(1323, 291, 6, '2023-06-29'),
	(1324, 291, 7, '2023-06-29'),
	(1325, 291, 8, '2023-06-29'),
	(1326, 292, 1, '2023-07-07'),
	(1327, 292, 3, '2023-07-07'),
	(1328, 292, 5, '2023-07-07'),
	(1329, 292, 6, '2023-07-07'),
	(1330, 292, 9, '2023-07-07'),
	(1331, 293, 1, '2023-08-11'),
	(1332, 293, 3, '2023-08-11'),
	(1333, 293, 5, '2023-08-11'),
	(1334, 293, 8, '2023-08-11'),
	(1335, 293, 10, '2023-08-11'),
	(1336, 294, 4, '2023-10-03'),
	(1337, 294, 5, '2023-10-03'),
	(1338, 294, 8, '2023-10-03'),
	(1339, 294, 9, '2023-10-03'),
	(1340, 294, 10, '2023-10-03'),
	(1341, 295, 3, '2022-10-28'),
	(1342, 295, 6, '2022-10-28'),
	(1343, 295, 7, '2022-10-28'),
	(1344, 295, 8, '2022-10-28'),
	(1345, 295, 9, '2022-10-28'),
	(1346, 296, 1, '2023-08-13'),
	(1347, 296, 3, '2023-08-13'),
	(1348, 296, 5, '2023-08-13'),
	(1349, 296, 6, '2023-08-13'),
	(1350, 296, 10, '2023-08-13'),
	(1351, 297, 5, '2022-04-26'),
	(1352, 297, 6, '2022-04-26'),
	(1353, 297, 8, '2022-04-26'),
	(1354, 297, 9, '2022-04-26'),
	(1355, 297, 10, '2022-04-26'),
	(1356, 298, 1, '2023-09-02'),
	(1357, 298, 4, '2023-09-02'),
	(1358, 298, 5, '2023-09-02'),
	(1359, 298, 6, '2023-09-02'),
	(1360, 298, 8, '2023-09-02'),
	(1361, 299, 1, '2023-09-21'),
	(1362, 299, 2, '2023-09-21'),
	(1363, 299, 3, '2023-09-21'),
	(1364, 299, 8, '2023-09-21'),
	(1365, 299, 10, '2023-09-21'),
	(1366, 300, 2, '2022-04-16'),
	(1367, 300, 3, '2022-04-16'),
	(1368, 300, 6, '2022-04-16'),
	(1369, 300, 7, '2022-04-16'),
	(1370, 300, 9, '2022-04-16'),
	(1371, 301, 1, '2023-09-15'),
	(1372, 301, 5, '2023-09-15'),
	(1373, 301, 7, '2023-09-15'),
	(1374, 301, 8, '2023-09-15'),
	(1375, 301, 10, '2023-09-15'),
	(1376, 303, 1, '2022-01-10'),
	(1377, 303, 2, '2022-01-10'),
	(1378, 303, 3, '2022-01-10'),
	(1379, 303, 4, '2022-01-10'),
	(1380, 303, 5, '2022-01-10'),
	(1381, 304, 1, '2023-07-22'),
	(1382, 304, 5, '2023-07-22'),
	(1383, 304, 8, '2023-07-22'),
	(1384, 304, 9, '2023-07-22'),
	(1385, 304, 10, '2023-07-22'),
	(1386, 305, 1, '2023-07-14'),
	(1387, 305, 3, '2023-07-14'),
	(1388, 305, 5, '2023-07-14'),
	(1389, 305, 6, '2023-07-14'),
	(1390, 305, 9, '2023-07-14'),
	(1391, 306, 2, '2022-05-24'),
	(1392, 306, 5, '2022-05-24'),
	(1393, 306, 6, '2022-05-24'),
	(1394, 306, 7, '2022-05-24'),
	(1395, 306, 10, '2022-05-24'),
	(1396, 307, 1, '2022-02-14'),
	(1397, 307, 2, '2022-02-14'),
	(1398, 307, 4, '2022-02-14'),
	(1399, 307, 6, '2022-02-14'),
	(1400, 307, 8, '2022-02-14'),
	(1401, 309, 2, '2023-03-28'),
	(1402, 309, 4, '2023-03-28'),
	(1403, 309, 5, '2023-03-28'),
	(1404, 309, 6, '2023-03-28'),
	(1405, 309, 10, '2023-03-28'),
	(1406, 310, 3, '2022-12-13'),
	(1407, 310, 5, '2022-12-13'),
	(1408, 310, 7, '2022-12-13'),
	(1409, 310, 8, '2022-12-13'),
	(1410, 310, 9, '2022-12-13'),
	(1411, 311, 1, '2022-11-06'),
	(1412, 311, 2, '2022-11-06'),
	(1413, 311, 6, '2022-11-06'),
	(1414, 311, 8, '2022-11-06'),
	(1415, 311, 10, '2022-11-06'),
	(1416, 312, 3, '2023-06-21'),
	(1417, 312, 5, '2023-06-21'),
	(1418, 312, 6, '2023-06-21'),
	(1419, 312, 7, '2023-06-21'),
	(1420, 312, 8, '2023-06-21'),
	(1421, 313, 1, '2023-10-12'),
	(1422, 313, 4, '2023-10-12'),
	(1423, 313, 6, '2023-10-12'),
	(1424, 313, 8, '2023-10-12'),
	(1425, 313, 9, '2023-10-12'),
	(1426, 314, 1, '2022-03-10'),
	(1427, 314, 4, '2022-03-10'),
	(1428, 314, 6, '2022-03-10'),
	(1429, 314, 7, '2022-03-10'),
	(1430, 314, 8, '2022-03-10'),
	(1431, 315, 2, '2022-08-02'),
	(1432, 315, 4, '2022-08-02'),
	(1433, 315, 6, '2022-08-02'),
	(1434, 315, 8, '2022-08-02'),
	(1435, 315, 9, '2022-08-02'),
	(1436, 316, 2, '2022-10-14'),
	(1437, 316, 4, '2022-10-14'),
	(1438, 316, 5, '2022-10-14'),
	(1439, 316, 8, '2022-10-14'),
	(1440, 316, 9, '2022-10-14'),
	(1441, 318, 1, '2022-02-06'),
	(1442, 318, 2, '2022-02-06'),
	(1443, 318, 3, '2022-02-06'),
	(1444, 318, 8, '2022-02-06'),
	(1445, 318, 9, '2022-02-06'),
	(1446, 319, 2, '2023-01-18'),
	(1447, 319, 3, '2023-01-18'),
	(1448, 319, 4, '2023-01-18'),
	(1449, 319, 6, '2023-01-18'),
	(1450, 319, 7, '2023-01-18'),
	(1451, 320, 4, '2023-10-01'),
	(1452, 320, 5, '2023-10-01'),
	(1453, 320, 6, '2023-10-01'),
	(1454, 320, 9, '2023-10-01'),
	(1455, 320, 10, '2023-10-01'),
	(1456, 321, 2, '2023-03-28'),
	(1457, 321, 3, '2023-03-28'),
	(1458, 321, 7, '2023-03-28'),
	(1459, 321, 8, '2023-03-28'),
	(1460, 321, 10, '2023-03-28'),
	(1461, 322, 2, '2022-12-09'),
	(1462, 322, 3, '2022-12-09'),
	(1463, 322, 5, '2022-12-09'),
	(1464, 322, 7, '2022-12-09'),
	(1465, 322, 9, '2022-12-09'),
	(1466, 323, 1, '2022-06-25'),
	(1467, 323, 2, '2022-06-25'),
	(1468, 323, 5, '2022-06-25'),
	(1469, 323, 7, '2022-06-25'),
	(1470, 323, 9, '2022-06-25'),
	(1471, 324, 3, '2023-02-28'),
	(1472, 324, 4, '2023-02-28'),
	(1473, 324, 6, '2023-02-28'),
	(1474, 324, 8, '2023-02-28'),
	(1475, 324, 10, '2023-02-28'),
	(1476, 325, 5, '2022-01-05'),
	(1477, 325, 6, '2022-01-05'),
	(1478, 325, 7, '2022-01-05'),
	(1479, 325, 8, '2022-01-05'),
	(1480, 325, 9, '2022-01-05'),
	(1481, 326, 1, '2022-07-04'),
	(1482, 326, 5, '2022-07-04'),
	(1483, 326, 6, '2022-07-04'),
	(1484, 326, 9, '2022-07-04'),
	(1485, 326, 10, '2022-07-04'),
	(1486, 327, 1, '2023-11-20'),
	(1487, 327, 3, '2023-11-20'),
	(1488, 327, 8, '2023-11-20'),
	(1489, 327, 9, '2023-11-20'),
	(1490, 327, 10, '2023-11-20'),
	(1491, 328, 4, '2022-01-17'),
	(1492, 328, 5, '2022-01-17'),
	(1493, 328, 6, '2022-01-17'),
	(1494, 328, 8, '2022-01-17'),
	(1495, 328, 9, '2022-01-17'),
	(1496, 329, 2, '2023-10-22'),
	(1497, 329, 4, '2023-10-22'),
	(1498, 329, 6, '2023-10-22'),
	(1499, 329, 7, '2023-10-22'),
	(1500, 329, 8, '2023-10-22'),
	(1501, 330, 3, '2023-07-18'),
	(1502, 330, 5, '2023-07-18'),
	(1503, 330, 8, '2023-07-18'),
	(1504, 330, 9, '2023-07-18'),
	(1505, 330, 10, '2023-07-18'),
	(1506, 332, 2, '2023-06-06'),
	(1507, 332, 3, '2023-06-06'),
	(1508, 332, 7, '2023-06-06'),
	(1509, 332, 9, '2023-06-06'),
	(1510, 332, 10, '2023-06-06'),
	(1511, 333, 2, '2022-12-17'),
	(1512, 333, 3, '2022-12-17'),
	(1513, 333, 4, '2022-12-17'),
	(1514, 333, 5, '2022-12-17'),
	(1515, 333, 7, '2022-12-17'),
	(1516, 334, 2, '2022-01-26'),
	(1517, 334, 4, '2022-01-26'),
	(1518, 334, 5, '2022-01-26'),
	(1519, 334, 9, '2022-01-26'),
	(1520, 334, 10, '2022-01-26'),
	(1521, 335, 1, '2022-01-01'),
	(1522, 335, 2, '2022-01-01'),
	(1523, 335, 8, '2022-01-01'),
	(1524, 335, 9, '2022-01-01'),
	(1525, 335, 10, '2022-01-01'),
	(1526, 336, 1, '2023-08-13'),
	(1527, 336, 3, '2023-08-13'),
	(1528, 336, 5, '2023-08-13'),
	(1529, 336, 8, '2023-08-13'),
	(1530, 336, 10, '2023-08-13'),
	(1531, 337, 1, '2022-05-03'),
	(1532, 337, 5, '2022-05-03'),
	(1533, 337, 7, '2022-05-03'),
	(1534, 337, 9, '2022-05-03'),
	(1535, 337, 10, '2022-05-03'),
	(1536, 338, 1, '2022-06-03'),
	(1537, 338, 4, '2022-06-03'),
	(1538, 338, 6, '2022-06-03'),
	(1539, 338, 8, '2022-06-03'),
	(1540, 338, 10, '2022-06-03'),
	(1541, 339, 3, '2023-04-06'),
	(1542, 339, 5, '2023-04-06'),
	(1543, 339, 6, '2023-04-06'),
	(1544, 339, 7, '2023-04-06'),
	(1545, 339, 10, '2023-04-06'),
	(1546, 340, 2, '2022-12-03'),
	(1547, 340, 3, '2022-12-03'),
	(1548, 340, 6, '2022-12-03'),
	(1549, 340, 7, '2022-12-03'),
	(1550, 340, 9, '2022-12-03'),
	(1551, 341, 1, '2023-09-25'),
	(1552, 341, 3, '2023-09-25'),
	(1553, 341, 5, '2023-09-25'),
	(1554, 341, 8, '2023-09-25'),
	(1555, 341, 10, '2023-09-25'),
	(1556, 342, 1, '2022-11-06'),
	(1557, 342, 2, '2022-11-06'),
	(1558, 342, 3, '2022-11-06'),
	(1559, 342, 7, '2022-11-06'),
	(1560, 342, 10, '2022-11-06'),
	(1561, 343, 1, '2022-07-26'),
	(1562, 343, 3, '2022-07-26'),
	(1563, 343, 6, '2022-07-26'),
	(1564, 343, 8, '2022-07-26'),
	(1565, 343, 9, '2022-07-26'),
	(1566, 344, 2, '2022-01-24'),
	(1567, 344, 4, '2022-01-24'),
	(1568, 344, 7, '2022-01-24'),
	(1569, 344, 8, '2022-01-24'),
	(1570, 344, 10, '2022-01-24'),
	(1571, 345, 3, '2023-10-21'),
	(1572, 345, 4, '2023-10-21'),
	(1573, 345, 5, '2023-10-21'),
	(1574, 345, 8, '2023-10-21'),
	(1575, 345, 9, '2023-10-21'),
	(1576, 346, 2, '2023-05-14'),
	(1577, 346, 5, '2023-05-14'),
	(1578, 346, 6, '2023-05-14'),
	(1579, 346, 8, '2023-05-14'),
	(1580, 346, 10, '2023-05-14'),
	(1581, 347, 1, '2022-08-13'),
	(1582, 347, 2, '2022-08-13'),
	(1583, 347, 4, '2022-08-13'),
	(1584, 347, 5, '2022-08-13'),
	(1585, 347, 9, '2022-08-13'),
	(1586, 348, 1, '2022-08-07'),
	(1587, 348, 4, '2022-08-07'),
	(1588, 348, 6, '2022-08-07'),
	(1589, 348, 7, '2022-08-07'),
	(1590, 348, 9, '2022-08-07'),
	(1591, 349, 1, '2023-01-13'),
	(1592, 349, 2, '2023-01-13'),
	(1593, 349, 3, '2023-01-13'),
	(1594, 349, 4, '2023-01-13'),
	(1595, 349, 10, '2023-01-13'),
	(1596, 350, 1, '2023-05-09'),
	(1597, 350, 2, '2023-05-09'),
	(1598, 350, 7, '2023-05-09'),
	(1599, 350, 9, '2023-05-09'),
	(1600, 350, 10, '2023-05-09'),
	(1601, 351, 1, '2023-04-12'),
	(1602, 351, 2, '2023-04-12'),
	(1603, 351, 3, '2023-04-12'),
	(1604, 351, 7, '2023-04-12'),
	(1605, 351, 8, '2023-04-12'),
	(1606, 352, 3, '2022-03-15'),
	(1607, 352, 4, '2022-03-15'),
	(1608, 352, 6, '2022-03-15'),
	(1609, 352, 8, '2022-03-15'),
	(1610, 352, 9, '2022-03-15'),
	(1611, 353, 2, '2023-10-26'),
	(1612, 353, 3, '2023-10-26'),
	(1613, 353, 4, '2023-10-26'),
	(1614, 353, 5, '2023-10-26'),
	(1615, 353, 9, '2023-10-26'),
	(1616, 354, 1, '2023-10-31'),
	(1617, 354, 3, '2023-10-31'),
	(1618, 354, 5, '2023-10-31'),
	(1619, 354, 6, '2023-10-31'),
	(1620, 354, 7, '2023-10-31'),
	(1621, 355, 3, '2023-02-03'),
	(1622, 355, 5, '2023-02-03'),
	(1623, 355, 6, '2023-02-03'),
	(1624, 355, 8, '2023-02-03'),
	(1625, 355, 10, '2023-02-03'),
	(1626, 356, 2, '2022-07-08'),
	(1627, 356, 4, '2022-07-08'),
	(1628, 356, 7, '2022-07-08'),
	(1629, 356, 8, '2022-07-08'),
	(1630, 356, 9, '2022-07-08'),
	(1631, 357, 2, '2022-09-07'),
	(1632, 357, 3, '2022-09-07'),
	(1633, 357, 4, '2022-09-07'),
	(1634, 357, 5, '2022-09-07'),
	(1635, 357, 6, '2022-09-07'),
	(1636, 358, 1, '2022-08-22'),
	(1637, 358, 6, '2022-08-22'),
	(1638, 358, 7, '2022-08-22'),
	(1639, 358, 9, '2022-08-22'),
	(1640, 358, 10, '2022-08-22'),
	(1641, 359, 1, '2022-01-18'),
	(1642, 359, 3, '2022-01-18'),
	(1643, 359, 4, '2022-01-18'),
	(1644, 359, 6, '2022-01-18'),
	(1645, 359, 7, '2022-01-18'),
	(1646, 360, 1, '2023-10-08'),
	(1647, 360, 4, '2023-10-08'),
	(1648, 360, 5, '2023-10-08'),
	(1649, 360, 6, '2023-10-08'),
	(1650, 360, 7, '2023-10-08'),
	(1651, 361, 2, '2022-01-24'),
	(1652, 361, 3, '2022-01-24'),
	(1653, 361, 5, '2022-01-24'),
	(1654, 361, 8, '2022-01-24'),
	(1655, 361, 9, '2022-01-24'),
	(1656, 362, 1, '2022-04-12'),
	(1657, 362, 2, '2022-04-12'),
	(1658, 362, 3, '2022-04-12'),
	(1659, 362, 5, '2022-04-12'),
	(1660, 362, 9, '2022-04-12'),
	(1661, 363, 1, '2022-02-09'),
	(1662, 363, 2, '2022-02-09'),
	(1663, 363, 5, '2022-02-09'),
	(1664, 363, 7, '2022-02-09'),
	(1665, 363, 10, '2022-02-09'),
	(1666, 364, 2, '2022-11-24'),
	(1667, 364, 4, '2022-11-24'),
	(1668, 364, 6, '2022-11-24'),
	(1669, 364, 8, '2022-11-24'),
	(1670, 364, 9, '2022-11-24'),
	(1671, 367, 1, '2023-06-03'),
	(1672, 367, 2, '2023-06-03'),
	(1673, 367, 4, '2023-06-03'),
	(1674, 367, 5, '2023-06-03'),
	(1675, 367, 8, '2023-06-03'),
	(1676, 368, 2, '2022-03-30'),
	(1677, 368, 5, '2022-03-30'),
	(1678, 368, 6, '2022-03-30'),
	(1679, 368, 7, '2022-03-30'),
	(1680, 368, 10, '2022-03-30'),
	(1681, 369, 1, '2022-05-07'),
	(1682, 369, 2, '2022-05-07'),
	(1683, 369, 3, '2022-05-07'),
	(1684, 369, 6, '2022-05-07'),
	(1685, 369, 8, '2022-05-07'),
	(1686, 370, 1, '2023-05-13'),
	(1687, 370, 3, '2023-05-13'),
	(1688, 370, 4, '2023-05-13'),
	(1689, 370, 6, '2023-05-13'),
	(1690, 370, 8, '2023-05-13'),
	(1691, 371, 2, '2022-08-03'),
	(1692, 371, 3, '2022-08-03'),
	(1693, 371, 7, '2022-08-03'),
	(1694, 371, 8, '2022-08-03'),
	(1695, 371, 10, '2022-08-03'),
	(1696, 372, 1, '2023-01-31'),
	(1697, 372, 2, '2023-01-31'),
	(1698, 372, 5, '2023-01-31'),
	(1699, 372, 7, '2023-01-31'),
	(1700, 372, 9, '2023-01-31'),
	(1701, 373, 1, '2023-06-06'),
	(1702, 373, 4, '2023-06-06'),
	(1703, 373, 5, '2023-06-06'),
	(1704, 373, 7, '2023-06-06'),
	(1705, 373, 8, '2023-06-06'),
	(1706, 374, 1, '2022-01-13'),
	(1707, 374, 2, '2022-01-13'),
	(1708, 374, 3, '2022-01-13'),
	(1709, 374, 4, '2022-01-13'),
	(1710, 374, 9, '2022-01-13'),
	(1711, 376, 4, '2022-04-06'),
	(1712, 376, 6, '2022-04-06'),
	(1713, 376, 8, '2022-04-06'),
	(1714, 376, 9, '2022-04-06'),
	(1715, 376, 10, '2022-04-06'),
	(1716, 377, 2, '2022-11-22'),
	(1717, 377, 3, '2022-11-22'),
	(1718, 377, 5, '2022-11-22'),
	(1719, 377, 7, '2022-11-22'),
	(1720, 377, 10, '2022-11-22'),
	(1721, 378, 1, '2022-09-10'),
	(1722, 378, 4, '2022-09-10'),
	(1723, 378, 5, '2022-09-10'),
	(1724, 378, 8, '2022-09-10'),
	(1725, 378, 10, '2022-09-10'),
	(1726, 379, 2, '2022-01-30'),
	(1727, 379, 3, '2022-01-30'),
	(1728, 379, 4, '2022-01-30'),
	(1729, 379, 9, '2022-01-30'),
	(1730, 379, 10, '2022-01-30'),
	(1731, 380, 5, '2022-09-18'),
	(1732, 380, 6, '2022-09-18'),
	(1733, 380, 7, '2022-09-18'),
	(1734, 380, 8, '2022-09-18'),
	(1735, 380, 9, '2022-09-18'),
	(1736, 381, 3, '2022-07-14'),
	(1737, 381, 4, '2022-07-14'),
	(1738, 381, 5, '2022-07-14'),
	(1739, 381, 7, '2022-07-14'),
	(1740, 381, 8, '2022-07-14'),
	(1741, 382, 2, '2023-10-16'),
	(1742, 382, 3, '2023-10-16'),
	(1743, 382, 5, '2023-10-16'),
	(1744, 382, 6, '2023-10-16'),
	(1745, 382, 7, '2023-10-16'),
	(1746, 383, 1, '2023-10-04'),
	(1747, 383, 2, '2023-10-04'),
	(1748, 383, 6, '2023-10-04'),
	(1749, 383, 9, '2023-10-04'),
	(1750, 383, 10, '2023-10-04'),
	(1751, 384, 2, '2022-07-22'),
	(1752, 384, 4, '2022-07-22'),
	(1753, 384, 7, '2022-07-22'),
	(1754, 384, 8, '2022-07-22'),
	(1755, 384, 9, '2022-07-22'),
	(1756, 385, 1, '2023-08-30'),
	(1757, 385, 4, '2023-08-30'),
	(1758, 385, 5, '2023-08-30'),
	(1759, 385, 6, '2023-08-30'),
	(1760, 385, 10, '2023-08-30'),
	(1761, 386, 2, '2023-02-21'),
	(1762, 386, 4, '2023-02-21'),
	(1763, 386, 6, '2023-02-21'),
	(1764, 386, 7, '2023-02-21'),
	(1765, 386, 9, '2023-02-21'),
	(1766, 387, 1, '2022-08-27'),
	(1767, 387, 3, '2022-08-27'),
	(1768, 387, 4, '2022-08-27'),
	(1769, 387, 9, '2022-08-27'),
	(1770, 387, 10, '2022-08-27'),
	(1771, 388, 1, '2022-09-14'),
	(1772, 388, 2, '2022-09-14'),
	(1773, 388, 3, '2022-09-14'),
	(1774, 388, 4, '2022-09-14'),
	(1775, 388, 5, '2022-09-14'),
	(1776, 389, 1, '2023-08-05'),
	(1777, 389, 2, '2023-08-05'),
	(1778, 389, 4, '2023-08-05'),
	(1779, 389, 6, '2023-08-05'),
	(1780, 389, 8, '2023-08-05'),
	(1781, 390, 3, '2023-07-20'),
	(1782, 390, 5, '2023-07-20'),
	(1783, 390, 7, '2023-07-20'),
	(1784, 390, 9, '2023-07-20'),
	(1785, 390, 10, '2023-07-20'),
	(1786, 391, 1, '2023-07-01'),
	(1787, 391, 4, '2023-07-01'),
	(1788, 391, 5, '2023-07-01'),
	(1789, 391, 6, '2023-07-01'),
	(1790, 391, 7, '2023-07-01'),
	(1791, 392, 1, '2023-05-25'),
	(1792, 392, 2, '2023-05-25'),
	(1793, 392, 3, '2023-05-25'),
	(1794, 392, 5, '2023-05-25'),
	(1795, 392, 10, '2023-05-25'),
	(1796, 393, 4, '2022-10-22'),
	(1797, 393, 5, '2022-10-22'),
	(1798, 393, 8, '2022-10-22'),
	(1799, 393, 9, '2022-10-22'),
	(1800, 393, 10, '2022-10-22'),
	(1801, 396, 1, '2023-07-23'),
	(1802, 396, 2, '2023-07-23'),
	(1803, 396, 5, '2023-07-23'),
	(1804, 396, 9, '2023-07-23'),
	(1805, 396, 10, '2023-07-23'),
	(1806, 397, 1, '2022-04-16'),
	(1807, 397, 4, '2022-04-16'),
	(1808, 397, 5, '2022-04-16'),
	(1809, 397, 6, '2022-04-16'),
	(1810, 397, 10, '2022-04-16'),
	(1811, 398, 2, '2022-07-04'),
	(1812, 398, 3, '2022-07-04'),
	(1813, 398, 5, '2022-07-04'),
	(1814, 398, 6, '2022-07-04'),
	(1815, 398, 8, '2022-07-04'),
	(1816, 399, 1, '2023-03-24'),
	(1817, 399, 2, '2023-03-24'),
	(1818, 399, 7, '2023-03-24'),
	(1819, 399, 8, '2023-03-24'),
	(1820, 399, 9, '2023-03-24'),
	(1821, 400, 1, '2023-05-28'),
	(1822, 400, 2, '2023-05-28'),
	(1823, 400, 7, '2023-05-28'),
	(1824, 400, 8, '2023-05-28'),
	(1825, 400, 10, '2023-05-28'),
	(1826, 401, 4, '2022-09-18'),
	(1827, 401, 5, '2022-09-18'),
	(1828, 401, 7, '2022-09-18'),
	(1829, 401, 8, '2022-09-18'),
	(1830, 401, 9, '2022-09-18'),
	(1831, 402, 1, '2022-09-14'),
	(1832, 402, 3, '2022-09-14'),
	(1833, 402, 6, '2022-09-14'),
	(1834, 402, 7, '2022-09-14'),
	(1835, 402, 9, '2022-09-14'),
	(1836, 404, 3, '2022-08-01'),
	(1837, 404, 4, '2022-08-01'),
	(1838, 404, 5, '2022-08-01'),
	(1839, 404, 9, '2022-08-01'),
	(1840, 404, 10, '2022-08-01'),
	(1841, 405, 2, '2022-07-23'),
	(1842, 405, 3, '2022-07-23'),
	(1843, 405, 5, '2022-07-23'),
	(1844, 405, 6, '2022-07-23'),
	(1845, 405, 7, '2022-07-23'),
	(1846, 406, 3, '2023-05-26'),
	(1847, 406, 4, '2023-05-26'),
	(1848, 406, 5, '2023-05-26'),
	(1849, 406, 9, '2023-05-26'),
	(1850, 406, 10, '2023-05-26'),
	(1851, 407, 1, '2022-01-09'),
	(1852, 407, 2, '2022-01-09'),
	(1853, 407, 7, '2022-01-09'),
	(1854, 407, 8, '2022-01-09'),
	(1855, 407, 9, '2022-01-09'),
	(1856, 408, 1, '2023-08-19'),
	(1857, 408, 3, '2023-08-19'),
	(1858, 408, 5, '2023-08-19'),
	(1859, 408, 7, '2023-08-19'),
	(1860, 408, 8, '2023-08-19'),
	(1861, 409, 1, '2022-07-24'),
	(1862, 409, 4, '2022-07-24'),
	(1863, 409, 6, '2022-07-24'),
	(1864, 409, 7, '2022-07-24'),
	(1865, 409, 10, '2022-07-24'),
	(1866, 410, 1, '2022-10-06'),
	(1867, 410, 2, '2022-10-06'),
	(1868, 410, 6, '2022-10-06'),
	(1869, 410, 8, '2022-10-06'),
	(1870, 410, 9, '2022-10-06'),
	(1871, 411, 1, '2023-03-25'),
	(1872, 411, 3, '2023-03-25'),
	(1873, 411, 5, '2023-03-25'),
	(1874, 411, 6, '2023-03-25'),
	(1875, 411, 7, '2023-03-25'),
	(1876, 412, 4, '2022-10-31'),
	(1877, 412, 5, '2022-10-31'),
	(1878, 412, 6, '2022-10-31'),
	(1879, 412, 9, '2022-10-31'),
	(1880, 412, 10, '2022-10-31'),
	(1881, 413, 1, '2022-12-08'),
	(1882, 413, 3, '2022-12-08'),
	(1883, 413, 5, '2022-12-08'),
	(1884, 413, 6, '2022-12-08'),
	(1885, 413, 9, '2022-12-08'),
	(1886, 414, 1, '2022-04-20'),
	(1887, 414, 2, '2022-04-20'),
	(1888, 414, 4, '2022-04-20'),
	(1889, 414, 7, '2022-04-20'),
	(1890, 414, 8, '2022-04-20'),
	(1891, 415, 1, '2022-11-30'),
	(1892, 415, 2, '2022-11-30'),
	(1893, 415, 5, '2022-11-30'),
	(1894, 415, 7, '2022-11-30'),
	(1895, 415, 8, '2022-11-30'),
	(1896, 416, 2, '2022-09-20'),
	(1897, 416, 5, '2022-09-20'),
	(1898, 416, 6, '2022-09-20'),
	(1899, 416, 7, '2022-09-20'),
	(1900, 416, 8, '2022-09-20'),
	(1901, 417, 1, '2022-10-20'),
	(1902, 417, 6, '2022-10-20'),
	(1903, 417, 7, '2022-10-20'),
	(1904, 417, 8, '2022-10-20'),
	(1905, 417, 10, '2022-10-20'),
	(1906, 418, 1, '2022-02-01'),
	(1907, 418, 5, '2022-02-01'),
	(1908, 418, 6, '2022-02-01'),
	(1909, 418, 7, '2022-02-01'),
	(1910, 418, 10, '2022-02-01'),
	(1911, 419, 1, '2022-01-02'),
	(1912, 419, 2, '2022-01-02'),
	(1913, 419, 4, '2022-01-02'),
	(1914, 419, 8, '2022-01-02'),
	(1915, 419, 9, '2022-01-02'),
	(1916, 420, 3, '2023-02-28'),
	(1917, 420, 4, '2023-02-28'),
	(1918, 420, 5, '2023-02-28'),
	(1919, 420, 8, '2023-02-28'),
	(1920, 420, 9, '2023-02-28'),
	(1921, 421, 1, '2022-04-27'),
	(1922, 421, 2, '2022-04-27'),
	(1923, 421, 3, '2022-04-27'),
	(1924, 421, 9, '2022-04-27'),
	(1925, 421, 10, '2022-04-27'),
	(1926, 422, 2, '2023-07-30'),
	(1927, 422, 3, '2023-07-30'),
	(1928, 422, 6, '2023-07-30'),
	(1929, 422, 8, '2023-07-30'),
	(1930, 422, 9, '2023-07-30'),
	(1931, 423, 1, '2023-07-09'),
	(1932, 423, 2, '2023-07-09'),
	(1933, 423, 6, '2023-07-09'),
	(1934, 423, 8, '2023-07-09'),
	(1935, 423, 9, '2023-07-09'),
	(1936, 424, 2, '2022-09-29'),
	(1937, 424, 4, '2022-09-29'),
	(1938, 424, 5, '2022-09-29'),
	(1939, 424, 6, '2022-09-29'),
	(1940, 424, 9, '2022-09-29'),
	(1941, 426, 2, '2023-09-06'),
	(1942, 426, 4, '2023-09-06'),
	(1943, 426, 6, '2023-09-06'),
	(1944, 426, 8, '2023-09-06'),
	(1945, 426, 10, '2023-09-06'),
	(1946, 428, 3, '2023-02-24'),
	(1947, 428, 5, '2023-02-24'),
	(1948, 428, 6, '2023-02-24'),
	(1949, 428, 8, '2023-02-24'),
	(1950, 428, 10, '2023-02-24'),
	(1951, 429, 3, '2022-01-08'),
	(1952, 429, 5, '2022-01-08'),
	(1953, 429, 7, '2022-01-08'),
	(1954, 429, 9, '2022-01-08'),
	(1955, 429, 10, '2022-01-08'),
	(1956, 430, 2, '2022-07-08'),
	(1957, 430, 5, '2022-07-08'),
	(1958, 430, 6, '2022-07-08'),
	(1959, 430, 8, '2022-07-08'),
	(1960, 430, 9, '2022-07-08'),
	(1961, 431, 5, '2023-01-18'),
	(1962, 431, 6, '2023-01-18'),
	(1963, 431, 7, '2023-01-18'),
	(1964, 431, 8, '2023-01-18'),
	(1965, 431, 9, '2023-01-18'),
	(1966, 432, 1, '2022-11-16'),
	(1967, 432, 2, '2022-11-16'),
	(1968, 432, 4, '2022-11-16'),
	(1969, 432, 7, '2022-11-16'),
	(1970, 432, 9, '2022-11-16'),
	(1971, 433, 1, '2023-02-18'),
	(1972, 433, 5, '2023-02-18'),
	(1973, 433, 6, '2023-02-18'),
	(1974, 433, 9, '2023-02-18'),
	(1975, 433, 10, '2023-02-18'),
	(1976, 435, 2, '2022-10-25'),
	(1977, 435, 3, '2022-10-25'),
	(1978, 435, 5, '2022-10-25'),
	(1979, 435, 6, '2022-10-25'),
	(1980, 435, 8, '2022-10-25'),
	(1981, 436, 1, '2022-08-23'),
	(1982, 436, 2, '2022-08-23'),
	(1983, 436, 3, '2022-08-23'),
	(1984, 436, 6, '2022-08-23'),
	(1985, 436, 8, '2022-08-23'),
	(1986, 437, 1, '2023-11-18'),
	(1987, 437, 2, '2023-11-18'),
	(1988, 437, 3, '2023-11-18'),
	(1989, 437, 6, '2023-11-18'),
	(1990, 437, 9, '2023-11-18'),
	(1991, 438, 1, '2022-06-06'),
	(1992, 438, 5, '2022-06-06'),
	(1993, 438, 6, '2022-06-06'),
	(1994, 438, 7, '2022-06-06'),
	(1995, 438, 10, '2022-06-06'),
	(1996, 439, 2, '2022-11-14'),
	(1997, 439, 3, '2022-11-14'),
	(1998, 439, 4, '2022-11-14'),
	(1999, 439, 6, '2022-11-14'),
	(2000, 439, 8, '2022-11-14'),
	(2001, 440, 1, '2022-11-25'),
	(2002, 440, 3, '2022-11-25'),
	(2003, 440, 4, '2022-11-25'),
	(2004, 440, 7, '2022-11-25'),
	(2005, 440, 8, '2022-11-25'),
	(2006, 441, 1, '2022-09-06'),
	(2007, 441, 2, '2022-09-06'),
	(2008, 441, 4, '2022-09-06'),
	(2009, 441, 5, '2022-09-06'),
	(2010, 441, 10, '2022-09-06'),
	(2011, 442, 2, '2023-08-29'),
	(2012, 442, 5, '2023-08-29'),
	(2013, 442, 6, '2023-08-29'),
	(2014, 442, 8, '2023-08-29'),
	(2015, 442, 9, '2023-08-29'),
	(2016, 443, 1, '2022-01-11'),
	(2017, 443, 4, '2022-01-11'),
	(2018, 443, 5, '2022-01-11'),
	(2019, 443, 6, '2022-01-11'),
	(2020, 443, 7, '2022-01-11'),
	(2021, 444, 1, '2022-01-04'),
	(2022, 444, 2, '2022-01-04'),
	(2023, 444, 3, '2022-01-04'),
	(2024, 444, 8, '2022-01-04'),
	(2025, 444, 9, '2022-01-04'),
	(2026, 446, 3, '2022-03-25'),
	(2027, 446, 4, '2022-03-25'),
	(2028, 446, 5, '2022-03-25'),
	(2029, 446, 9, '2022-03-25'),
	(2030, 446, 10, '2022-03-25'),
	(2031, 448, 1, '2022-08-06'),
	(2032, 448, 2, '2022-08-06'),
	(2033, 448, 5, '2022-08-06'),
	(2034, 448, 7, '2022-08-06'),
	(2035, 448, 8, '2022-08-06'),
	(2036, 449, 1, '2023-04-18'),
	(2037, 449, 3, '2023-04-18'),
	(2038, 449, 5, '2023-04-18'),
	(2039, 449, 6, '2023-04-18'),
	(2040, 449, 8, '2023-04-18'),
	(2041, 450, 1, '2022-04-13'),
	(2042, 450, 4, '2022-04-13'),
	(2043, 450, 7, '2022-04-13'),
	(2044, 450, 8, '2022-04-13'),
	(2045, 450, 9, '2022-04-13'),
	(2046, 451, 5, '2023-08-16'),
	(2047, 451, 6, '2023-08-16'),
	(2048, 451, 8, '2023-08-16'),
	(2049, 451, 9, '2023-08-16'),
	(2050, 451, 10, '2023-08-16'),
	(2051, 452, 1, '2022-04-11'),
	(2052, 452, 5, '2022-04-11'),
	(2053, 452, 7, '2022-04-11'),
	(2054, 452, 8, '2022-04-11'),
	(2055, 452, 10, '2022-04-11'),
	(2056, 453, 1, '2022-12-01'),
	(2057, 453, 5, '2022-12-01'),
	(2058, 453, 7, '2022-12-01'),
	(2059, 453, 8, '2022-12-01'),
	(2060, 453, 9, '2022-12-01'),
	(2061, 454, 1, '2022-12-25'),
	(2062, 454, 4, '2022-12-25'),
	(2063, 454, 6, '2022-12-25'),
	(2064, 454, 9, '2022-12-25'),
	(2065, 454, 10, '2022-12-25'),
	(2066, 456, 1, '2023-05-05'),
	(2067, 456, 5, '2023-05-05'),
	(2068, 456, 6, '2023-05-05'),
	(2069, 456, 7, '2023-05-05'),
	(2070, 456, 9, '2023-05-05'),
	(2071, 459, 1, '2023-02-07'),
	(2072, 459, 2, '2023-02-07'),
	(2073, 459, 6, '2023-02-07'),
	(2074, 459, 8, '2023-02-07'),
	(2075, 459, 10, '2023-02-07'),
	(2076, 460, 2, '2022-05-11'),
	(2077, 460, 3, '2022-05-11'),
	(2078, 460, 4, '2022-05-11'),
	(2079, 460, 6, '2022-05-11'),
	(2080, 460, 9, '2022-05-11'),
	(2081, 461, 3, '2022-04-29'),
	(2082, 461, 5, '2022-04-29'),
	(2083, 461, 7, '2022-04-29'),
	(2084, 461, 8, '2022-04-29'),
	(2085, 461, 9, '2022-04-29'),
	(2086, 462, 1, '2023-08-24'),
	(2087, 462, 4, '2023-08-24'),
	(2088, 462, 5, '2023-08-24'),
	(2089, 462, 7, '2023-08-24'),
	(2090, 462, 9, '2023-08-24'),
	(2091, 463, 1, '2022-03-12'),
	(2092, 463, 5, '2022-03-12'),
	(2093, 463, 8, '2022-03-12'),
	(2094, 463, 9, '2022-03-12'),
	(2095, 463, 10, '2022-03-12'),
	(2096, 464, 2, '2022-07-07'),
	(2097, 464, 4, '2022-07-07'),
	(2098, 464, 5, '2022-07-07'),
	(2099, 464, 7, '2022-07-07'),
	(2100, 464, 8, '2022-07-07'),
	(2101, 465, 2, '2022-05-04'),
	(2102, 465, 3, '2022-05-04'),
	(2103, 465, 4, '2022-05-04'),
	(2104, 465, 5, '2022-05-04'),
	(2105, 465, 7, '2022-05-04'),
	(2106, 466, 1, '2023-04-30'),
	(2107, 466, 3, '2023-04-30'),
	(2108, 466, 4, '2023-04-30'),
	(2109, 466, 8, '2023-04-30'),
	(2110, 466, 10, '2023-04-30'),
	(2111, 467, 1, '2022-12-25'),
	(2112, 467, 2, '2022-12-25'),
	(2113, 467, 3, '2022-12-25'),
	(2114, 467, 5, '2022-12-25'),
	(2115, 467, 10, '2022-12-25'),
	(2116, 468, 1, '2023-02-07'),
	(2117, 468, 4, '2023-02-07'),
	(2118, 468, 6, '2023-02-07'),
	(2119, 468, 8, '2023-02-07'),
	(2120, 468, 10, '2023-02-07'),
	(2121, 469, 1, '2022-03-24'),
	(2122, 469, 2, '2022-03-24'),
	(2123, 469, 5, '2022-03-24'),
	(2124, 469, 8, '2022-03-24'),
	(2125, 469, 9, '2022-03-24'),
	(2126, 470, 1, '2023-08-28'),
	(2127, 470, 6, '2023-08-28'),
	(2128, 470, 7, '2023-08-28'),
	(2129, 470, 9, '2023-08-28'),
	(2130, 470, 10, '2023-08-28'),
	(2131, 471, 2, '2022-07-04'),
	(2132, 471, 3, '2022-07-04'),
	(2133, 471, 4, '2022-07-04'),
	(2134, 471, 5, '2022-07-04'),
	(2135, 471, 9, '2022-07-04'),
	(2136, 472, 1, '2023-07-12'),
	(2137, 472, 3, '2023-07-12'),
	(2138, 472, 7, '2023-07-12'),
	(2139, 472, 8, '2023-07-12'),
	(2140, 472, 10, '2023-07-12'),
	(2141, 473, 2, '2022-07-06'),
	(2142, 473, 3, '2022-07-06'),
	(2143, 473, 5, '2022-07-06'),
	(2144, 473, 6, '2022-07-06'),
	(2145, 473, 7, '2022-07-06'),
	(2146, 474, 2, '2022-01-26'),
	(2147, 474, 4, '2022-01-26'),
	(2148, 474, 7, '2022-01-26'),
	(2149, 474, 8, '2022-01-26'),
	(2150, 474, 10, '2022-01-26'),
	(2151, 475, 2, '2023-05-08'),
	(2152, 475, 6, '2023-05-08'),
	(2153, 475, 7, '2023-05-08'),
	(2154, 475, 9, '2023-05-08'),
	(2155, 475, 10, '2023-05-08'),
	(2156, 476, 3, '2022-11-17'),
	(2157, 476, 4, '2022-11-17'),
	(2158, 476, 5, '2022-11-17'),
	(2159, 476, 7, '2022-11-17'),
	(2160, 476, 9, '2022-11-17'),
	(2161, 477, 1, '2022-09-23'),
	(2162, 477, 3, '2022-09-23'),
	(2163, 477, 4, '2022-09-23'),
	(2164, 477, 8, '2022-09-23'),
	(2165, 477, 10, '2022-09-23'),
	(2166, 479, 1, '2022-12-25'),
	(2167, 479, 3, '2022-12-25'),
	(2168, 479, 8, '2022-12-25'),
	(2169, 479, 9, '2022-12-25'),
	(2170, 479, 10, '2022-12-25'),
	(2171, 480, 3, '2022-10-31'),
	(2172, 480, 4, '2022-10-31'),
	(2173, 480, 5, '2022-10-31'),
	(2174, 480, 9, '2022-10-31'),
	(2175, 480, 10, '2022-10-31'),
	(2176, 482, 4, '2023-01-08'),
	(2177, 482, 5, '2023-01-08'),
	(2178, 482, 7, '2023-01-08'),
	(2179, 482, 8, '2023-01-08'),
	(2180, 482, 10, '2023-01-08'),
	(2181, 483, 2, '2023-03-28'),
	(2182, 483, 3, '2023-03-28'),
	(2183, 483, 5, '2023-03-28'),
	(2184, 483, 9, '2023-03-28'),
	(2185, 483, 10, '2023-03-28'),
	(2186, 484, 1, '2023-06-22'),
	(2187, 484, 2, '2023-06-22'),
	(2188, 484, 4, '2023-06-22'),
	(2189, 484, 7, '2023-06-22'),
	(2190, 484, 8, '2023-06-22'),
	(2191, 485, 1, '2022-07-04'),
	(2192, 485, 5, '2022-07-04'),
	(2193, 485, 7, '2022-07-04'),
	(2194, 485, 8, '2022-07-04'),
	(2195, 485, 9, '2022-07-04'),
	(2196, 487, 2, '2022-06-26'),
	(2197, 487, 3, '2022-06-26'),
	(2198, 487, 6, '2022-06-26'),
	(2199, 487, 9, '2022-06-26'),
	(2200, 487, 10, '2022-06-26'),
	(2201, 488, 2, '2023-05-16'),
	(2202, 488, 4, '2023-05-16'),
	(2203, 488, 6, '2023-05-16'),
	(2204, 488, 7, '2023-05-16'),
	(2205, 488, 9, '2023-05-16'),
	(2206, 489, 3, '2023-11-20'),
	(2207, 489, 5, '2023-11-20'),
	(2208, 489, 6, '2023-11-20'),
	(2209, 489, 8, '2023-11-20'),
	(2210, 489, 9, '2023-11-20'),
	(2211, 491, 1, '2022-08-09'),
	(2212, 491, 6, '2022-08-09'),
	(2213, 491, 7, '2022-08-09'),
	(2214, 491, 8, '2022-08-09'),
	(2215, 491, 9, '2022-08-09'),
	(2216, 492, 3, '2022-12-27'),
	(2217, 492, 4, '2022-12-27'),
	(2218, 492, 5, '2022-12-27'),
	(2219, 492, 6, '2022-12-27'),
	(2220, 492, 9, '2022-12-27'),
	(2221, 493, 1, '2023-03-26'),
	(2222, 493, 3, '2023-03-26'),
	(2223, 493, 5, '2023-03-26'),
	(2224, 493, 6, '2023-03-26'),
	(2225, 493, 8, '2023-03-26'),
	(2226, 494, 3, '2023-08-28'),
	(2227, 494, 5, '2023-08-28'),
	(2228, 494, 6, '2023-08-28'),
	(2229, 494, 7, '2023-08-28'),
	(2230, 494, 10, '2023-08-28'),
	(2231, 495, 5, '2022-10-25'),
	(2232, 495, 6, '2022-10-25'),
	(2233, 495, 8, '2022-10-25'),
	(2234, 495, 9, '2022-10-25'),
	(2235, 495, 10, '2022-10-25'),
	(2236, 496, 3, '2022-05-01'),
	(2237, 496, 5, '2022-05-01'),
	(2238, 496, 7, '2022-05-01'),
	(2239, 496, 8, '2022-05-01'),
	(2240, 496, 9, '2022-05-01'),
	(2241, 497, 2, '2022-06-26'),
	(2242, 497, 3, '2022-06-26'),
	(2243, 497, 5, '2022-06-26'),
	(2244, 497, 8, '2022-06-26'),
	(2245, 497, 10, '2022-06-26'),
	(2246, 499, 1, '2023-10-12'),
	(2247, 499, 4, '2023-10-12'),
	(2248, 499, 6, '2023-10-12'),
	(2249, 499, 7, '2023-10-12'),
	(2250, 499, 10, '2023-10-12');

-- 테이블 SampleSchool2.grades 구조 내보내기
CREATE TABLE IF NOT EXISTS `grades` (
  `id` int(11) NOT NULL AUTO_INCREMENT,
  `enrollment_id` int(11) NOT NULL,
  `grade` char(2) DEFAULT NULL,
  PRIMARY KEY (`id`),
  KEY `FK_grades_enrollments` (`enrollment_id`),
  CONSTRAINT `FK_grades_enrollments` FOREIGN KEY (`enrollment_id`) REFERENCES `enrollments` (`id`) ON DELETE NO ACTION ON UPDATE NO ACTION
) ENGINE=InnoDB AUTO_INCREMENT=2251 DEFAULT CHARSET=utf8mb4 COLLATE=utf8mb4_general_ci;

-- 테이블 데이터 SampleSchool2.grades:~2,038 rows (대략적) 내보내기
INSERT INTO `grades` (`id`, `enrollment_id`, `grade`) VALUES
	(1, 1, 'C'),
	(3, 3, 'C'),
	(4, 4, 'B'),
	(6, 6, 'C'),
	(7, 7, 'C'),
	(8, 8, 'C'),
	(9, 9, 'B'),
	(10, 10, 'C'),
	(11, 11, 'A'),
	(13, 13, 'C'),
	(16, 16, 'B'),
	(17, 17, 'C'),
	(18, 18, 'B'),
	(19, 19, 'A'),
	(20, 20, 'B'),
	(24, 24, 'B'),
	(26, 26, 'B'),
	(27, 27, 'B'),
	(28, 28, 'C'),
	(29, 29, 'C'),
	(30, 30, 'B'),
	(31, 31, 'C'),
	(33, 33, 'C'),
	(34, 34, 'C'),
	(35, 35, 'C'),
	(36, 36, 'A'),
	(37, 37, 'C'),
	(38, 38, 'C'),
	(39, 39, 'B'),
	(40, 40, 'B'),
	(41, 41, 'B'),
	(42, 42, 'A'),
	(43, 43, 'C'),
	(44, 44, 'B'),
	(45, 45, 'C'),
	(46, 46, 'C'),
	(47, 47, 'B'),
	(48, 48, 'C'),
	(49, 49, 'A'),
	(51, 51, 'A'),
	(52, 52, 'C'),
	(53, 53, 'B'),
	(54, 54, 'C'),
	(55, 55, 'C'),
	(56, 56, 'B'),
	(57, 57, 'C'),
	(58, 58, 'C'),
	(59, 59, 'C'),
	(60, 60, 'B'),
	(62, 62, 'A'),
	(63, 63, 'B'),
	(64, 64, 'B'),
	(65, 65, 'A'),
	(66, 66, 'B'),
	(67, 67, 'B'),
	(68, 68, 'B'),
	(69, 69, 'A'),
	(70, 70, 'C'),
	(71, 71, 'B'),
	(72, 72, 'C'),
	(73, 73, 'B'),
	(74, 74, 'B'),
	(75, 75, 'C'),
	(76, 76, 'A'),
	(77, 77, 'A'),
	(78, 78, 'B'),
	(79, 79, 'A'),
	(80, 80, 'C'),
	(81, 81, 'C'),
	(82, 82, 'C'),
	(83, 83, 'C'),
	(84, 84, 'A'),
	(85, 85, 'C'),
	(86, 86, 'A'),
	(87, 87, 'A'),
	(88, 88, 'B'),
	(89, 89, 'B'),
	(90, 90, 'C'),
	(92, 92, 'B'),
	(93, 93, 'C'),
	(94, 94, 'B'),
	(95, 95, 'A'),
	(96, 96, 'A'),
	(97, 97, 'A'),
	(98, 98, 'C'),
	(99, 99, 'B'),
	(101, 101, 'C'),
	(102, 102, 'C'),
	(103, 103, 'A'),
	(104, 104, 'A'),
	(105, 105, 'B'),
	(106, 106, 'A'),
	(107, 107, 'B'),
	(108, 108, 'C'),
	(109, 109, 'C'),
	(110, 110, 'B'),
	(114, 114, 'C'),
	(115, 115, 'C'),
	(116, 116, 'B'),
	(117, 117, 'A'),
	(118, 118, 'A'),
	(119, 119, 'A'),
	(120, 120, 'A'),
	(124, 124, 'C'),
	(125, 125, 'C'),
	(128, 128, 'C'),
	(129, 129, 'C'),
	(130, 130, 'C'),
	(131, 131, 'C'),
	(134, 134, 'A'),
	(135, 135, 'C'),
	(136, 136, 'A'),
	(137, 137, 'C'),
	(138, 138, 'A'),
	(139, 139, 'C'),
	(140, 140, 'A'),
	(145, 145, 'A'),
	(146, 146, 'C'),
	(147, 147, 'B'),
	(148, 148, 'A'),
	(149, 149, 'B'),
	(154, 154, 'B'),
	(155, 155, 'B'),
	(156, 156, 'B'),
	(157, 157, 'C'),
	(158, 158, 'B'),
	(159, 159, 'C'),
	(160, 160, 'B'),
	(161, 161, 'C'),
	(162, 162, 'B'),
	(163, 163, 'A'),
	(164, 164, 'A'),
	(165, 165, 'B'),
	(166, 166, 'B'),
	(167, 167, 'A'),
	(170, 170, 'C'),
	(171, 171, 'C'),
	(172, 172, 'A'),
	(174, 174, 'B'),
	(175, 175, 'B'),
	(176, 176, 'C'),
	(177, 177, 'A'),
	(178, 178, 'B'),
	(179, 179, 'A'),
	(180, 180, 'B'),
	(181, 181, 'C'),
	(182, 182, 'C'),
	(183, 183, 'C'),
	(184, 184, 'C'),
	(185, 185, 'A'),
	(186, 186, 'A'),
	(187, 187, 'B'),
	(188, 188, 'A'),
	(189, 189, 'B'),
	(190, 190, 'C'),
	(229, 229, 'B'),
	(231, 231, 'C'),
	(232, 232, 'B'),
	(233, 233, 'B'),
	(234, 234, 'B'),
	(235, 235, 'B'),
	(236, 236, 'C'),
	(237, 237, 'B'),
	(238, 238, 'C'),
	(239, 239, 'B'),
	(240, 240, 'B'),
	(241, 241, 'B'),
	(242, 242, 'A'),
	(243, 243, 'A'),
	(244, 244, 'C'),
	(245, 245, 'B'),
	(246, 246, 'B'),
	(247, 247, 'C'),
	(248, 248, 'C'),
	(249, 249, 'A'),
	(250, 250, 'A'),
	(251, 251, 'C'),
	(252, 252, 'A'),
	(253, 253, 'C'),
	(254, 254, 'B'),
	(255, 255, 'A'),
	(256, 256, 'C'),
	(257, 257, 'A'),
	(258, 258, 'B'),
	(259, 259, 'B'),
	(260, 260, 'B'),
	(261, 261, 'B'),
	(262, 262, 'A'),
	(263, 263, 'C'),
	(264, 264, 'B'),
	(265, 265, 'C'),
	(266, 266, 'C'),
	(267, 267, 'A'),
	(268, 268, 'B'),
	(269, 269, 'C'),
	(270, 270, 'A'),
	(271, 271, 'B'),
	(272, 272, 'A'),
	(274, 274, 'A'),
	(275, 275, 'A'),
	(276, 276, 'C'),
	(277, 277, 'B'),
	(278, 278, 'A'),
	(279, 279, 'C'),
	(280, 280, 'C'),
	(281, 281, 'B'),
	(282, 282, 'C'),
	(283, 283, 'C'),
	(284, 284, 'A'),
	(285, 285, 'C'),
	(286, 286, 'B'),
	(287, 287, 'C'),
	(288, 288, 'C'),
	(289, 289, 'A'),
	(290, 290, 'A'),
	(291, 291, 'C'),
	(292, 292, 'C'),
	(293, 293, 'B'),
	(294, 294, 'B'),
	(295, 295, 'B'),
	(296, 296, 'C'),
	(297, 297, 'A'),
	(298, 298, 'C'),
	(299, 299, 'C'),
	(300, 300, 'C'),
	(301, 301, 'C'),
	(302, 302, 'A'),
	(303, 303, 'A'),
	(304, 304, 'C'),
	(305, 305, 'B'),
	(306, 306, 'C'),
	(307, 307, 'B'),
	(308, 308, 'A'),
	(309, 309, 'C'),
	(310, 310, 'B'),
	(311, 311, 'C'),
	(313, 313, 'A'),
	(314, 314, 'A'),
	(315, 315, 'C'),
	(316, 316, 'A'),
	(317, 317, 'A'),
	(318, 318, 'B'),
	(320, 320, 'C'),
	(321, 321, 'A'),
	(322, 322, 'B'),
	(323, 323, 'A'),
	(324, 324, 'B'),
	(325, 325, 'B'),
	(328, 328, 'B'),
	(329, 329, 'A'),
	(331, 331, 'B'),
	(332, 332, 'B'),
	(333, 333, 'C'),
	(334, 334, 'A'),
	(335, 335, 'A'),
	(336, 336, 'A'),
	(337, 337, 'A'),
	(338, 338, 'C'),
	(339, 339, 'A'),
	(340, 340, 'C'),
	(341, 341, 'B'),
	(342, 342, 'B'),
	(343, 343, 'B'),
	(344, 344, 'A'),
	(345, 345, 'C'),
	(346, 346, 'A'),
	(347, 347, 'B'),
	(348, 348, 'C'),
	(349, 349, 'C'),
	(350, 350, 'A'),
	(351, 351, 'A'),
	(352, 352, 'C'),
	(353, 353, 'C'),
	(354, 354, 'A'),
	(355, 355, 'B'),
	(356, 356, 'C'),
	(357, 357, 'B'),
	(358, 358, 'C'),
	(359, 359, 'A'),
	(360, 360, 'A'),
	(361, 361, 'C'),
	(362, 362, 'B'),
	(363, 363, 'A'),
	(364, 364, 'C'),
	(365, 365, 'B'),
	(366, 366, 'B'),
	(367, 367, 'A'),
	(368, 368, 'B'),
	(369, 369, 'B'),
	(370, 370, 'C'),
	(371, 371, 'A'),
	(372, 372, 'B'),
	(373, 373, 'C'),
	(374, 374, 'C'),
	(375, 375, 'C'),
	(376, 376, 'C'),
	(377, 377, 'C'),
	(378, 378, 'A'),
	(379, 379, 'A'),
	(380, 380, 'A'),
	(381, 381, 'B'),
	(382, 382, 'C'),
	(383, 383, 'A'),
	(384, 384, 'A'),
	(385, 385, 'B'),
	(386, 386, 'A'),
	(387, 387, 'B'),
	(388, 388, 'B'),
	(390, 390, 'C'),
	(391, 391, 'C'),
	(392, 392, 'C'),
	(393, 393, 'C'),
	(394, 394, 'C'),
	(395, 395, 'B'),
	(396, 396, 'B'),
	(397, 397, 'A'),
	(398, 398, 'C'),
	(399, 399, 'A'),
	(400, 400, 'A'),
	(401, 401, 'B'),
	(402, 402, 'A'),
	(403, 403, 'B'),
	(404, 404, 'B'),
	(405, 405, 'C'),
	(406, 406, 'B'),
	(407, 407, 'A'),
	(408, 408, 'B'),
	(409, 409, 'A'),
	(410, 410, 'C'),
	(411, 411, 'A'),
	(413, 413, 'A'),
	(414, 414, 'A'),
	(415, 415, 'B'),
	(416, 416, 'C'),
	(417, 417, 'C'),
	(419, 419, 'A'),
	(420, 420, 'C'),
	(422, 422, 'A'),
	(423, 423, 'B'),
	(424, 424, 'C'),
	(425, 425, 'B'),
	(426, 426, 'A'),
	(427, 427, 'B'),
	(428, 428, 'A'),
	(429, 429, 'B'),
	(430, 430, 'C'),
	(431, 431, 'B'),
	(432, 432, 'B'),
	(433, 433, 'C'),
	(434, 434, 'A'),
	(435, 435, 'B'),
	(436, 436, 'A'),
	(437, 437, 'B'),
	(438, 438, 'A'),
	(439, 439, 'C'),
	(440, 440, 'C'),
	(441, 441, 'A'),
	(442, 442, 'C'),
	(443, 443, 'B'),
	(444, 444, 'C'),
	(445, 445, 'C'),
	(446, 446, 'B'),
	(447, 447, 'B'),
	(448, 448, 'C'),
	(449, 449, 'A'),
	(451, 451, 'C'),
	(453, 453, 'A'),
	(454, 454, 'C'),
	(456, 456, 'B'),
	(457, 457, 'B'),
	(458, 458, 'A'),
	(459, 459, 'B'),
	(460, 460, 'B'),
	(461, 461, 'B'),
	(462, 462, 'A'),
	(463, 463, 'C'),
	(464, 464, 'A'),
	(465, 465, 'A'),
	(466, 466, 'A'),
	(467, 467, 'C'),
	(468, 468, 'C'),
	(469, 469, 'A'),
	(470, 470, 'B'),
	(471, 471, 'C'),
	(472, 472, 'B'),
	(473, 473, 'B'),
	(474, 474, 'A'),
	(475, 475, 'C'),
	(476, 476, 'C'),
	(477, 477, 'C'),
	(478, 478, 'A'),
	(479, 479, 'C'),
	(480, 480, 'A'),
	(481, 481, 'B'),
	(482, 482, 'C'),
	(483, 483, 'C'),
	(484, 484, 'B'),
	(485, 485, 'A'),
	(486, 486, 'B'),
	(487, 487, 'C'),
	(488, 488, 'B'),
	(489, 489, 'C'),
	(490, 490, 'B'),
	(491, 491, 'C'),
	(492, 492, 'B'),
	(493, 493, 'B'),
	(494, 494, 'C'),
	(495, 495, 'C'),
	(496, 496, 'B'),
	(497, 497, 'C'),
	(498, 498, 'C'),
	(499, 499, 'A'),
	(501, 501, 'A'),
	(503, 503, 'C'),
	(504, 504, 'B'),
	(505, 505, 'B'),
	(506, 506, 'C'),
	(507, 507, 'C'),
	(508, 508, 'A'),
	(509, 509, 'C'),
	(510, 510, 'A'),
	(511, 511, 'A'),
	(513, 513, 'C'),
	(514, 514, 'B'),
	(515, 515, 'B'),
	(516, 516, 'A'),
	(517, 517, 'B'),
	(519, 519, 'C'),
	(520, 520, 'A'),
	(521, 521, 'A'),
	(522, 522, 'A'),
	(523, 523, 'B'),
	(524, 524, 'B'),
	(525, 525, 'B'),
	(526, 526, 'A'),
	(527, 527, 'A'),
	(528, 528, 'C'),
	(529, 529, 'B'),
	(530, 530, 'C'),
	(531, 531, 'B'),
	(533, 533, 'C'),
	(534, 534, 'C'),
	(535, 535, 'C'),
	(536, 536, 'B'),
	(537, 537, 'B'),
	(538, 538, 'C'),
	(539, 539, 'A'),
	(540, 540, 'B'),
	(541, 541, 'C'),
	(542, 542, 'B'),
	(543, 543, 'B'),
	(544, 544, 'A'),
	(545, 545, 'C'),
	(546, 546, 'A'),
	(547, 547, 'B'),
	(548, 548, 'C'),
	(549, 549, 'C'),
	(550, 550, 'A'),
	(552, 552, 'A'),
	(553, 553, 'B'),
	(554, 554, 'B'),
	(555, 555, 'A'),
	(556, 556, 'A'),
	(557, 557, 'B'),
	(558, 558, 'C'),
	(559, 559, 'C'),
	(560, 560, 'C'),
	(561, 561, 'A'),
	(562, 562, 'B'),
	(563, 563, 'B'),
	(564, 564, 'C'),
	(565, 565, 'C'),
	(566, 566, 'B'),
	(567, 567, 'B'),
	(568, 568, 'B'),
	(570, 570, 'A'),
	(572, 572, 'C'),
	(573, 573, 'A'),
	(574, 574, 'C'),
	(575, 575, 'B'),
	(576, 576, 'B'),
	(577, 577, 'A'),
	(578, 578, 'C'),
	(579, 579, 'B'),
	(580, 580, 'C'),
	(581, 581, 'A'),
	(582, 582, 'A'),
	(583, 583, 'A'),
	(584, 584, 'C'),
	(585, 585, 'A'),
	(586, 586, 'B'),
	(587, 587, 'A'),
	(588, 588, 'B'),
	(590, 590, 'A'),
	(591, 591, 'C'),
	(592, 592, 'C'),
	(593, 593, 'B'),
	(594, 594, 'B'),
	(595, 595, 'C'),
	(596, 596, 'B'),
	(597, 597, 'A'),
	(598, 598, 'B'),
	(600, 600, 'A'),
	(601, 601, 'B'),
	(602, 602, 'A'),
	(603, 603, 'A'),
	(604, 604, 'C'),
	(605, 605, 'B'),
	(606, 606, 'A'),
	(607, 607, 'A'),
	(608, 608, 'B'),
	(609, 609, 'B'),
	(610, 610, 'C'),
	(611, 611, 'B'),
	(612, 612, 'A'),
	(613, 613, 'B'),
	(614, 614, 'B'),
	(615, 615, 'B'),
	(616, 616, 'C'),
	(617, 617, 'C'),
	(618, 618, 'A'),
	(619, 619, 'C'),
	(620, 620, 'C'),
	(621, 621, 'B'),
	(622, 622, 'B'),
	(623, 623, 'B'),
	(624, 624, 'C'),
	(625, 625, 'B'),
	(626, 626, 'C'),
	(627, 627, 'A'),
	(628, 628, 'A'),
	(629, 629, 'B'),
	(630, 630, 'C'),
	(631, 631, 'C'),
	(632, 632, 'A'),
	(633, 633, 'A'),
	(634, 634, 'C'),
	(635, 635, 'B'),
	(636, 636, 'B'),
	(637, 637, 'B'),
	(638, 638, 'C'),
	(639, 639, 'C'),
	(640, 640, 'B'),
	(641, 641, 'B'),
	(642, 642, 'C'),
	(643, 643, 'C'),
	(644, 644, 'B'),
	(645, 645, 'A'),
	(646, 646, 'B'),
	(648, 648, 'C'),
	(649, 649, 'B'),
	(650, 650, 'A'),
	(651, 651, 'A'),
	(652, 652, 'C'),
	(654, 654, 'B'),
	(655, 655, 'B'),
	(656, 656, 'B'),
	(657, 657, 'A'),
	(658, 658, 'C'),
	(659, 659, 'A'),
	(660, 660, 'C'),
	(661, 661, 'C'),
	(662, 662, 'B'),
	(663, 663, 'B'),
	(664, 664, 'C'),
	(665, 665, 'C'),
	(666, 666, 'A'),
	(667, 667, 'B'),
	(668, 668, 'A'),
	(669, 669, 'C'),
	(670, 670, 'B'),
	(671, 671, 'B'),
	(672, 672, 'C'),
	(673, 673, 'A'),
	(674, 674, 'A'),
	(675, 675, 'C'),
	(676, 676, 'B'),
	(677, 677, 'C'),
	(678, 678, 'A'),
	(679, 679, 'B'),
	(680, 680, 'C'),
	(681, 681, 'A'),
	(682, 682, 'A'),
	(683, 683, 'B'),
	(684, 684, 'C'),
	(685, 685, 'A'),
	(686, 686, 'A'),
	(687, 687, 'A'),
	(688, 688, 'C'),
	(689, 689, 'C'),
	(690, 690, 'C'),
	(691, 691, 'B'),
	(692, 692, 'B'),
	(693, 693, 'C'),
	(694, 694, 'B'),
	(695, 695, 'A'),
	(696, 696, 'C'),
	(697, 697, 'C'),
	(698, 698, 'B'),
	(699, 699, 'B'),
	(700, 700, 'A'),
	(701, 701, 'C'),
	(702, 702, 'C'),
	(703, 703, 'C'),
	(704, 704, 'B'),
	(705, 705, 'B'),
	(706, 706, 'C'),
	(709, 709, 'B'),
	(710, 710, 'A'),
	(711, 711, 'A'),
	(714, 714, 'B'),
	(715, 715, 'B'),
	(716, 716, 'B'),
	(717, 717, 'C'),
	(718, 718, 'B'),
	(719, 719, 'C'),
	(720, 720, 'A'),
	(721, 721, 'B'),
	(722, 722, 'A'),
	(723, 723, 'B'),
	(724, 724, 'C'),
	(725, 725, 'C'),
	(726, 726, 'C'),
	(727, 727, 'A'),
	(728, 728, 'A'),
	(729, 729, 'B'),
	(730, 730, 'B'),
	(731, 731, 'A'),
	(732, 732, 'C'),
	(733, 733, 'B'),
	(735, 735, 'C'),
	(736, 736, 'C'),
	(737, 737, 'A'),
	(738, 738, 'A'),
	(739, 739, 'C'),
	(741, 741, 'A'),
	(742, 742, 'A'),
	(743, 743, 'B'),
	(745, 745, 'C'),
	(746, 746, 'C'),
	(747, 747, 'A'),
	(748, 748, 'B'),
	(749, 749, 'C'),
	(750, 750, 'C'),
	(751, 751, 'B'),
	(752, 752, 'C'),
	(753, 753, 'A'),
	(754, 754, 'B'),
	(755, 755, 'C'),
	(756, 756, 'B'),
	(757, 757, 'B'),
	(758, 758, 'C'),
	(759, 759, 'C'),
	(760, 760, 'C'),
	(761, 761, 'C'),
	(762, 762, 'B'),
	(763, 763, 'A'),
	(764, 764, 'C'),
	(765, 765, 'B'),
	(766, 766, 'C'),
	(767, 767, 'C'),
	(768, 768, 'B'),
	(769, 769, 'A'),
	(770, 770, 'C'),
	(771, 771, 'C'),
	(772, 772, 'C'),
	(773, 773, 'B'),
	(774, 774, 'B'),
	(775, 775, 'C'),
	(776, 776, 'B'),
	(777, 777, 'C'),
	(778, 778, 'C'),
	(779, 779, 'C'),
	(780, 780, 'B'),
	(781, 781, 'C'),
	(782, 782, 'C'),
	(783, 783, 'C'),
	(784, 784, 'C'),
	(785, 785, 'C'),
	(786, 786, 'A'),
	(787, 787, 'C'),
	(788, 788, 'B'),
	(789, 789, 'A'),
	(790, 790, 'A'),
	(791, 791, 'C'),
	(792, 792, 'A'),
	(793, 793, 'A'),
	(794, 794, 'C'),
	(795, 795, 'C'),
	(796, 796, 'C'),
	(797, 797, 'A'),
	(798, 798, 'C'),
	(799, 799, 'B'),
	(800, 800, 'C'),
	(801, 801, 'A'),
	(802, 802, 'B'),
	(803, 803, 'B'),
	(804, 804, 'B'),
	(805, 805, 'C'),
	(806, 806, 'C'),
	(807, 807, 'C'),
	(808, 808, 'B'),
	(809, 809, 'C'),
	(810, 810, 'A'),
	(811, 811, 'B'),
	(812, 812, 'B'),
	(813, 813, 'B'),
	(814, 814, 'C'),
	(815, 815, 'A'),
	(816, 816, 'A'),
	(817, 817, 'C'),
	(818, 818, 'C'),
	(819, 819, 'A'),
	(820, 820, 'A'),
	(821, 821, 'A'),
	(822, 822, 'B'),
	(823, 823, 'A'),
	(824, 824, 'C'),
	(825, 825, 'A'),
	(826, 826, 'B'),
	(827, 827, 'C'),
	(828, 828, 'A'),
	(829, 829, 'B'),
	(830, 830, 'C'),
	(831, 831, 'C'),
	(832, 832, 'C'),
	(833, 833, 'B'),
	(834, 834, 'A'),
	(835, 835, 'A'),
	(836, 836, 'A'),
	(837, 837, 'C'),
	(838, 838, 'C'),
	(839, 839, 'C'),
	(840, 840, 'C'),
	(841, 841, 'B'),
	(842, 842, 'A'),
	(843, 843, 'C'),
	(844, 844, 'B'),
	(845, 845, 'B'),
	(846, 846, 'B'),
	(847, 847, 'B'),
	(848, 848, 'A'),
	(849, 849, 'C'),
	(850, 850, 'A'),
	(851, 851, 'A'),
	(852, 852, 'C'),
	(853, 853, 'A'),
	(854, 854, 'B'),
	(855, 855, 'B'),
	(856, 856, 'C'),
	(857, 857, 'B'),
	(858, 858, 'A'),
	(859, 859, 'A'),
	(860, 860, 'A'),
	(861, 861, 'A'),
	(862, 862, 'A'),
	(863, 863, 'C'),
	(864, 864, 'B'),
	(865, 865, 'C'),
	(866, 866, 'C'),
	(867, 867, 'C'),
	(868, 868, 'A'),
	(869, 869, 'A'),
	(870, 870, 'C'),
	(871, 871, 'B'),
	(872, 872, 'C'),
	(873, 873, 'C'),
	(874, 874, 'A'),
	(875, 875, 'C'),
	(876, 876, 'C'),
	(877, 877, 'C'),
	(878, 878, 'A'),
	(879, 879, 'C'),
	(880, 880, 'B'),
	(881, 881, 'A'),
	(882, 882, 'A'),
	(883, 883, 'B'),
	(884, 884, 'C'),
	(885, 885, 'B'),
	(886, 886, 'B'),
	(887, 887, 'C'),
	(889, 889, 'C'),
	(890, 890, 'B'),
	(891, 891, 'C'),
	(892, 892, 'C'),
	(893, 893, 'B'),
	(894, 894, 'A'),
	(895, 895, 'A'),
	(896, 896, 'C'),
	(897, 897, 'C'),
	(898, 898, 'A'),
	(899, 899, 'A'),
	(900, 900, 'A'),
	(901, 901, 'C'),
	(902, 902, 'B'),
	(903, 903, 'A'),
	(904, 904, 'C'),
	(905, 905, 'B'),
	(906, 906, 'C'),
	(907, 907, 'A'),
	(908, 908, 'B'),
	(909, 909, 'C'),
	(910, 910, 'C'),
	(911, 911, 'C'),
	(914, 914, 'C'),
	(915, 915, 'B'),
	(916, 916, 'B'),
	(917, 917, 'A'),
	(918, 918, 'C'),
	(919, 919, 'C'),
	(920, 920, 'A'),
	(921, 921, 'B'),
	(922, 922, 'B'),
	(923, 923, 'C'),
	(924, 924, 'A'),
	(925, 925, 'B'),
	(926, 926, 'C'),
	(927, 927, 'A'),
	(928, 928, 'B'),
	(929, 929, 'C'),
	(930, 930, 'C'),
	(931, 931, 'A'),
	(932, 932, 'A'),
	(934, 934, 'B'),
	(935, 935, 'A'),
	(936, 936, 'C'),
	(937, 937, 'B'),
	(938, 938, 'B'),
	(939, 939, 'B'),
	(940, 940, 'B'),
	(941, 941, 'B'),
	(942, 942, 'B'),
	(943, 943, 'C'),
	(944, 944, 'C'),
	(945, 945, 'B'),
	(946, 946, 'A'),
	(947, 947, 'B'),
	(948, 948, 'A'),
	(949, 949, 'A'),
	(950, 950, 'A'),
	(951, 951, 'A'),
	(952, 952, 'A'),
	(953, 953, 'A'),
	(954, 954, 'B'),
	(955, 955, 'C'),
	(956, 956, 'B'),
	(957, 957, 'B'),
	(958, 958, 'C'),
	(959, 959, 'B'),
	(960, 960, 'C'),
	(961, 961, 'B'),
	(962, 962, 'A'),
	(963, 963, 'C'),
	(964, 964, 'B'),
	(966, 966, 'A'),
	(967, 967, 'A'),
	(968, 968, 'B'),
	(969, 969, 'A'),
	(970, 970, 'C'),
	(971, 971, 'C'),
	(972, 972, 'A'),
	(973, 973, 'B'),
	(974, 974, 'B'),
	(975, 975, 'B'),
	(976, 976, 'A'),
	(977, 977, 'C'),
	(978, 978, 'C'),
	(979, 979, 'C'),
	(980, 980, 'A'),
	(981, 981, 'A'),
	(982, 982, 'C'),
	(983, 983, 'A'),
	(984, 984, 'B'),
	(985, 985, 'C'),
	(986, 986, 'B'),
	(987, 987, 'C'),
	(988, 988, 'A'),
	(989, 989, 'C'),
	(990, 990, 'A'),
	(991, 991, 'C'),
	(992, 992, 'C'),
	(993, 993, 'C'),
	(994, 994, 'B'),
	(995, 995, 'A'),
	(996, 996, 'B'),
	(997, 997, 'C'),
	(998, 998, 'A'),
	(999, 999, 'C'),
	(1000, 1000, 'C'),
	(1001, 1001, 'B'),
	(1002, 1002, 'C'),
	(1003, 1003, 'A'),
	(1004, 1004, 'A'),
	(1005, 1005, 'B'),
	(1006, 1006, 'C'),
	(1007, 1007, 'A'),
	(1008, 1008, 'A'),
	(1010, 1010, 'A'),
	(1011, 1011, 'A'),
	(1012, 1012, 'C'),
	(1013, 1013, 'A'),
	(1014, 1014, 'A'),
	(1031, 1031, 'B'),
	(1032, 1032, 'A'),
	(1033, 1033, 'C'),
	(1034, 1034, 'A'),
	(1035, 1035, 'A'),
	(1036, 1036, 'A'),
	(1037, 1037, 'B'),
	(1038, 1038, 'C'),
	(1039, 1039, 'B'),
	(1040, 1040, 'A'),
	(1041, 1041, 'C'),
	(1042, 1042, 'C'),
	(1043, 1043, 'C'),
	(1044, 1044, 'C'),
	(1045, 1045, 'B'),
	(1046, 1046, 'A'),
	(1047, 1047, 'C'),
	(1048, 1048, 'B'),
	(1049, 1049, 'B'),
	(1050, 1050, 'A'),
	(1051, 1051, 'A'),
	(1052, 1052, 'C'),
	(1053, 1053, 'A'),
	(1054, 1054, 'A'),
	(1055, 1055, 'B'),
	(1056, 1056, 'B'),
	(1057, 1057, 'A'),
	(1058, 1058, 'C'),
	(1059, 1059, 'A'),
	(1060, 1060, 'C'),
	(1061, 1061, 'A'),
	(1062, 1062, 'B'),
	(1063, 1063, 'B'),
	(1064, 1064, 'C'),
	(1065, 1065, 'B'),
	(1066, 1066, 'B'),
	(1067, 1067, 'B'),
	(1068, 1068, 'A'),
	(1069, 1069, 'C'),
	(1070, 1070, 'B'),
	(1071, 1071, 'B'),
	(1072, 1072, 'C'),
	(1073, 1073, 'A'),
	(1074, 1074, 'A'),
	(1075, 1075, 'C'),
	(1076, 1076, 'A'),
	(1077, 1077, 'B'),
	(1078, 1078, 'A'),
	(1079, 1079, 'C'),
	(1080, 1080, 'B'),
	(1081, 1081, 'A'),
	(1082, 1082, 'C'),
	(1083, 1083, 'B'),
	(1084, 1084, 'C'),
	(1085, 1085, 'A'),
	(1086, 1086, 'C'),
	(1087, 1087, 'A'),
	(1088, 1088, 'B'),
	(1089, 1089, 'A'),
	(1090, 1090, 'B'),
	(1091, 1091, 'C'),
	(1092, 1092, 'C'),
	(1093, 1093, 'C'),
	(1095, 1095, 'C'),
	(1096, 1096, 'A'),
	(1097, 1097, 'B'),
	(1098, 1098, 'C'),
	(1099, 1099, 'B'),
	(1100, 1100, 'B'),
	(1101, 1101, 'B'),
	(1102, 1102, 'C'),
	(1103, 1103, 'C'),
	(1104, 1104, 'A'),
	(1105, 1105, 'B'),
	(1106, 1106, 'B'),
	(1107, 1107, 'B'),
	(1108, 1108, 'B'),
	(1109, 1109, 'A'),
	(1110, 1110, 'C'),
	(1111, 1111, 'A'),
	(1112, 1112, 'A'),
	(1113, 1113, 'A'),
	(1114, 1114, 'A'),
	(1115, 1115, 'B'),
	(1116, 1116, 'C'),
	(1117, 1117, 'C'),
	(1118, 1118, 'C'),
	(1119, 1119, 'A'),
	(1120, 1120, 'C'),
	(1122, 1122, 'B'),
	(1124, 1124, 'A'),
	(1125, 1125, 'B'),
	(1126, 1126, 'C'),
	(1128, 1128, 'B'),
	(1129, 1129, 'A'),
	(1130, 1130, 'B'),
	(1131, 1131, 'B'),
	(1132, 1132, 'B'),
	(1133, 1133, 'A'),
	(1134, 1134, 'B'),
	(1135, 1135, 'C'),
	(1136, 1136, 'A'),
	(1137, 1137, 'B'),
	(1139, 1139, 'C'),
	(1140, 1140, 'C'),
	(1142, 1142, 'B'),
	(1143, 1143, 'C'),
	(1145, 1145, 'C'),
	(1146, 1146, 'A'),
	(1147, 1147, 'A'),
	(1148, 1148, 'A'),
	(1149, 1149, 'A'),
	(1150, 1150, 'A'),
	(1151, 1151, 'A'),
	(1152, 1152, 'C'),
	(1154, 1154, 'C'),
	(1155, 1155, 'A'),
	(1156, 1156, 'A'),
	(1157, 1157, 'B'),
	(1159, 1159, 'C'),
	(1160, 1160, 'A'),
	(1161, 1161, 'C'),
	(1162, 1162, 'A'),
	(1163, 1163, 'B'),
	(1164, 1164, 'A'),
	(1165, 1165, 'C'),
	(1166, 1166, 'C'),
	(1167, 1167, 'A'),
	(1168, 1168, 'B'),
	(1169, 1169, 'C'),
	(1170, 1170, 'B'),
	(1171, 1171, 'A'),
	(1172, 1172, 'C'),
	(1173, 1173, 'A'),
	(1174, 1174, 'A'),
	(1175, 1175, 'B'),
	(1176, 1176, 'A'),
	(1177, 1177, 'A'),
	(1178, 1178, 'C'),
	(1179, 1179, 'A'),
	(1180, 1180, 'C'),
	(1181, 1181, 'A'),
	(1182, 1182, 'C'),
	(1183, 1183, 'A'),
	(1184, 1184, 'B'),
	(1185, 1185, 'A'),
	(1186, 1186, 'B'),
	(1188, 1188, 'A'),
	(1189, 1189, 'B'),
	(1190, 1190, 'B'),
	(1191, 1191, 'C'),
	(1192, 1192, 'B'),
	(1193, 1193, 'A'),
	(1194, 1194, 'B'),
	(1195, 1195, 'A'),
	(1197, 1197, 'C'),
	(1198, 1198, 'B'),
	(1199, 1199, 'C'),
	(1200, 1200, 'B'),
	(1202, 1202, 'A'),
	(1204, 1204, 'C'),
	(1205, 1205, 'B'),
	(1206, 1206, 'A'),
	(1207, 1207, 'C'),
	(1208, 1208, 'C'),
	(1209, 1209, 'C'),
	(1211, 1211, 'A'),
	(1212, 1212, 'C'),
	(1213, 1213, 'C'),
	(1214, 1214, 'B'),
	(1215, 1215, 'B'),
	(1216, 1216, 'C'),
	(1217, 1217, 'A'),
	(1218, 1218, 'B'),
	(1219, 1219, 'A'),
	(1220, 1220, 'A'),
	(1221, 1221, 'A'),
	(1222, 1222, 'A'),
	(1223, 1223, 'C'),
	(1224, 1224, 'C'),
	(1225, 1225, 'B'),
	(1228, 1228, 'C'),
	(1229, 1229, 'A'),
	(1231, 1231, 'A'),
	(1232, 1232, 'A'),
	(1234, 1234, 'C'),
	(1235, 1235, 'C'),
	(1236, 1236, 'C'),
	(1237, 1237, 'A'),
	(1238, 1238, 'C'),
	(1239, 1239, 'A'),
	(1240, 1240, 'A'),
	(1241, 1241, 'C'),
	(1242, 1242, 'B'),
	(1243, 1243, 'B'),
	(1244, 1244, 'B'),
	(1245, 1245, 'C'),
	(1246, 1246, 'C'),
	(1247, 1247, 'A'),
	(1248, 1248, 'C'),
	(1249, 1249, 'C'),
	(1250, 1250, 'A'),
	(1251, 1251, 'B'),
	(1253, 1253, 'A'),
	(1254, 1254, 'C'),
	(1255, 1255, 'B'),
	(1256, 1256, 'C'),
	(1257, 1257, 'B'),
	(1258, 1258, 'B'),
	(1259, 1259, 'C'),
	(1260, 1260, 'B'),
	(1261, 1261, 'A'),
	(1262, 1262, 'C'),
	(1263, 1263, 'A'),
	(1264, 1264, 'A'),
	(1265, 1265, 'B'),
	(1266, 1266, 'B'),
	(1267, 1267, 'C'),
	(1268, 1268, 'A'),
	(1269, 1269, 'C'),
	(1270, 1270, 'A'),
	(1271, 1271, 'B'),
	(1272, 1272, 'B'),
	(1273, 1273, 'C'),
	(1274, 1274, 'B'),
	(1275, 1275, 'C'),
	(1276, 1276, 'C'),
	(1277, 1277, 'C'),
	(1278, 1278, 'A'),
	(1279, 1279, 'C'),
	(1280, 1280, 'A'),
	(1281, 1281, 'C'),
	(1282, 1282, 'B'),
	(1283, 1283, 'C'),
	(1284, 1284, 'C'),
	(1286, 1286, 'A'),
	(1287, 1287, 'B'),
	(1288, 1288, 'B'),
	(1289, 1289, 'B'),
	(1290, 1290, 'A'),
	(1291, 1291, 'C'),
	(1292, 1292, 'B'),
	(1293, 1293, 'B'),
	(1294, 1294, 'B'),
	(1295, 1295, 'A'),
	(1296, 1296, 'A'),
	(1297, 1297, 'B'),
	(1298, 1298, 'B'),
	(1299, 1299, 'C'),
	(1300, 1300, 'B'),
	(1301, 1301, 'A'),
	(1302, 1302, 'A'),
	(1303, 1303, 'A'),
	(1304, 1304, 'C'),
	(1305, 1305, 'B'),
	(1306, 1306, 'B'),
	(1307, 1307, 'B'),
	(1308, 1308, 'B'),
	(1309, 1309, 'C'),
	(1310, 1310, 'B'),
	(1311, 1311, 'A'),
	(1312, 1312, 'B'),
	(1313, 1313, 'A'),
	(1314, 1314, 'C'),
	(1315, 1315, 'A'),
	(1316, 1316, 'A'),
	(1317, 1317, 'A'),
	(1318, 1318, 'A'),
	(1319, 1319, 'B'),
	(1320, 1320, 'A'),
	(1321, 1321, 'C'),
	(1322, 1322, 'A'),
	(1324, 1324, 'A'),
	(1325, 1325, 'A'),
	(1328, 1328, 'A'),
	(1329, 1329, 'A'),
	(1330, 1330, 'A'),
	(1331, 1331, 'A'),
	(1332, 1332, 'C'),
	(1333, 1333, 'B'),
	(1334, 1334, 'A'),
	(1335, 1335, 'A'),
	(1336, 1336, 'A'),
	(1337, 1337, 'C'),
	(1338, 1338, 'C'),
	(1339, 1339, 'A'),
	(1340, 1340, 'A'),
	(1341, 1341, 'B'),
	(1342, 1342, 'B'),
	(1343, 1343, 'C'),
	(1344, 1344, 'C'),
	(1345, 1345, 'B'),
	(1346, 1346, 'C'),
	(1347, 1347, 'B'),
	(1348, 1348, 'B'),
	(1349, 1349, 'C'),
	(1350, 1350, 'C'),
	(1351, 1351, 'A'),
	(1352, 1352, 'B'),
	(1353, 1353, 'B'),
	(1354, 1354, 'C'),
	(1355, 1355, 'B'),
	(1356, 1356, 'A'),
	(1357, 1357, 'B'),
	(1358, 1358, 'C'),
	(1359, 1359, 'B'),
	(1360, 1360, 'C'),
	(1361, 1361, 'C'),
	(1362, 1362, 'B'),
	(1363, 1363, 'B'),
	(1364, 1364, 'C'),
	(1365, 1365, 'A'),
	(1366, 1366, 'A'),
	(1367, 1367, 'B'),
	(1368, 1368, 'C'),
	(1369, 1369, 'C'),
	(1370, 1370, 'A'),
	(1371, 1371, 'A'),
	(1372, 1372, 'B'),
	(1373, 1373, 'A'),
	(1374, 1374, 'C'),
	(1375, 1375, 'C'),
	(1376, 1376, 'B'),
	(1377, 1377, 'B'),
	(1378, 1378, 'C'),
	(1379, 1379, 'C'),
	(1380, 1380, 'C'),
	(1381, 1381, 'C'),
	(1382, 1382, 'B'),
	(1383, 1383, 'B'),
	(1384, 1384, 'C'),
	(1385, 1385, 'A'),
	(1386, 1386, 'B'),
	(1387, 1387, 'A'),
	(1388, 1388, 'C'),
	(1389, 1389, 'A'),
	(1390, 1390, 'C'),
	(1391, 1391, 'A'),
	(1392, 1392, 'A'),
	(1393, 1393, 'B'),
	(1395, 1395, 'B'),
	(1396, 1396, 'B'),
	(1397, 1397, 'C'),
	(1398, 1398, 'C'),
	(1399, 1399, 'C'),
	(1400, 1400, 'C'),
	(1401, 1401, 'A'),
	(1402, 1402, 'C'),
	(1403, 1403, 'B'),
	(1404, 1404, 'A'),
	(1405, 1405, 'C'),
	(1406, 1406, 'B'),
	(1408, 1408, 'C'),
	(1409, 1409, 'A'),
	(1410, 1410, 'A'),
	(1411, 1411, 'A'),
	(1412, 1412, 'B'),
	(1413, 1413, 'B'),
	(1414, 1414, 'A'),
	(1415, 1415, 'B'),
	(1416, 1416, 'C'),
	(1417, 1417, 'A'),
	(1418, 1418, 'A'),
	(1419, 1419, 'B'),
	(1420, 1420, 'A'),
	(1421, 1421, 'A'),
	(1422, 1422, 'B'),
	(1423, 1423, 'C'),
	(1424, 1424, 'A'),
	(1425, 1425, 'A'),
	(1426, 1426, 'C'),
	(1427, 1427, 'C'),
	(1428, 1428, 'C'),
	(1429, 1429, 'B'),
	(1430, 1430, 'B'),
	(1431, 1431, 'A'),
	(1432, 1432, 'A'),
	(1433, 1433, 'B'),
	(1434, 1434, 'C'),
	(1435, 1435, 'A'),
	(1436, 1436, 'A'),
	(1437, 1437, 'B'),
	(1438, 1438, 'C'),
	(1439, 1439, 'A'),
	(1441, 1441, 'A'),
	(1442, 1442, 'C'),
	(1443, 1443, 'C'),
	(1444, 1444, 'C'),
	(1445, 1445, 'C'),
	(1446, 1446, 'A'),
	(1448, 1448, 'C'),
	(1449, 1449, 'B'),
	(1452, 1452, 'A'),
	(1453, 1453, 'C'),
	(1456, 1456, 'B'),
	(1457, 1457, 'A'),
	(1458, 1458, 'A'),
	(1459, 1459, 'A'),
	(1460, 1460, 'A'),
	(1461, 1461, 'C'),
	(1462, 1462, 'C'),
	(1463, 1463, 'C'),
	(1464, 1464, 'A'),
	(1465, 1465, 'A'),
	(1466, 1466, 'C'),
	(1467, 1467, 'B'),
	(1468, 1468, 'B'),
	(1469, 1469, 'A'),
	(1470, 1470, 'B'),
	(1471, 1471, 'B'),
	(1472, 1472, 'A'),
	(1473, 1473, 'B'),
	(1474, 1474, 'A'),
	(1475, 1475, 'B'),
	(1476, 1476, 'B'),
	(1477, 1477, 'A'),
	(1478, 1478, 'B'),
	(1479, 1479, 'B'),
	(1480, 1480, 'B'),
	(1481, 1481, 'A'),
	(1482, 1482, 'C'),
	(1483, 1483, 'A'),
	(1484, 1484, 'A'),
	(1485, 1485, 'C'),
	(1486, 1486, 'A'),
	(1487, 1487, 'B'),
	(1488, 1488, 'B'),
	(1489, 1489, 'A'),
	(1490, 1490, 'A'),
	(1491, 1491, 'C'),
	(1492, 1492, 'B'),
	(1493, 1493, 'C'),
	(1495, 1495, 'B'),
	(1496, 1496, 'C'),
	(1497, 1497, 'A'),
	(1498, 1498, 'A'),
	(1499, 1499, 'B'),
	(1500, 1500, 'B'),
	(1501, 1501, 'C'),
	(1502, 1502, 'B'),
	(1503, 1503, 'C'),
	(1504, 1504, 'C'),
	(1505, 1505, 'C'),
	(1506, 1506, 'B'),
	(1507, 1507, 'C'),
	(1509, 1509, 'C'),
	(1510, 1510, 'A'),
	(1511, 1511, 'B'),
	(1512, 1512, 'B'),
	(1513, 1513, 'A'),
	(1514, 1514, 'C'),
	(1515, 1515, 'C'),
	(1516, 1516, 'A'),
	(1517, 1517, 'C'),
	(1519, 1519, 'B'),
	(1520, 1520, 'C'),
	(1521, 1521, 'B'),
	(1522, 1522, 'C'),
	(1524, 1524, 'C'),
	(1525, 1525, 'C'),
	(1526, 1526, 'C'),
	(1527, 1527, 'C'),
	(1529, 1529, 'B'),
	(1530, 1530, 'C'),
	(1531, 1531, 'A'),
	(1532, 1532, 'A'),
	(1534, 1534, 'A'),
	(1535, 1535, 'C'),
	(1536, 1536, 'B'),
	(1537, 1537, 'A'),
	(1538, 1538, 'C'),
	(1539, 1539, 'B'),
	(1540, 1540, 'B'),
	(1541, 1541, 'C'),
	(1542, 1542, 'C'),
	(1543, 1543, 'C'),
	(1544, 1544, 'B'),
	(1545, 1545, 'B'),
	(1546, 1546, 'B'),
	(1547, 1547, 'C'),
	(1548, 1548, 'B'),
	(1549, 1549, 'B'),
	(1550, 1550, 'B'),
	(1551, 1551, 'B'),
	(1552, 1552, 'A'),
	(1553, 1553, 'C'),
	(1554, 1554, 'C'),
	(1555, 1555, 'B'),
	(1557, 1557, 'C'),
	(1558, 1558, 'A'),
	(1559, 1559, 'C'),
	(1560, 1560, 'B'),
	(1561, 1561, 'C'),
	(1562, 1562, 'C'),
	(1563, 1563, 'C'),
	(1564, 1564, 'C'),
	(1565, 1565, 'A'),
	(1566, 1566, 'B'),
	(1568, 1568, 'C'),
	(1569, 1569, 'C'),
	(1570, 1570, 'A'),
	(1571, 1571, 'B'),
	(1572, 1572, 'A'),
	(1573, 1573, 'A'),
	(1574, 1574, 'A'),
	(1575, 1575, 'B'),
	(1576, 1576, 'A'),
	(1577, 1577, 'B'),
	(1579, 1579, 'B'),
	(1581, 1581, 'A'),
	(1583, 1583, 'C'),
	(1584, 1584, 'B'),
	(1585, 1585, 'C'),
	(1586, 1586, 'C'),
	(1587, 1587, 'C'),
	(1588, 1588, 'B'),
	(1589, 1589, 'A'),
	(1590, 1590, 'A'),
	(1591, 1591, 'C'),
	(1592, 1592, 'B'),
	(1593, 1593, 'B'),
	(1594, 1594, 'C'),
	(1595, 1595, 'A'),
	(1596, 1596, 'B'),
	(1597, 1597, 'B'),
	(1598, 1598, 'C'),
	(1600, 1600, 'B'),
	(1601, 1601, 'B'),
	(1603, 1603, 'B'),
	(1604, 1604, 'B'),
	(1605, 1605, 'A'),
	(1606, 1606, 'C'),
	(1607, 1607, 'A'),
	(1608, 1608, 'C'),
	(1609, 1609, 'B'),
	(1610, 1610, 'A'),
	(1611, 1611, 'C'),
	(1612, 1612, 'B'),
	(1613, 1613, 'A'),
	(1614, 1614, 'C'),
	(1615, 1615, 'A'),
	(1616, 1616, 'A'),
	(1617, 1617, 'A'),
	(1618, 1618, 'C'),
	(1619, 1619, 'C'),
	(1620, 1620, 'C'),
	(1621, 1621, 'C'),
	(1622, 1622, 'A'),
	(1623, 1623, 'B'),
	(1624, 1624, 'A'),
	(1625, 1625, 'A'),
	(1626, 1626, 'A'),
	(1627, 1627, 'B'),
	(1628, 1628, 'B'),
	(1629, 1629, 'C'),
	(1630, 1630, 'C'),
	(1631, 1631, 'A'),
	(1632, 1632, 'A'),
	(1633, 1633, 'A'),
	(1634, 1634, 'A'),
	(1635, 1635, 'C'),
	(1636, 1636, 'A'),
	(1637, 1637, 'B'),
	(1638, 1638, 'B'),
	(1639, 1639, 'A'),
	(1640, 1640, 'A'),
	(1641, 1641, 'B'),
	(1643, 1643, 'A'),
	(1644, 1644, 'C'),
	(1645, 1645, 'B'),
	(1646, 1646, 'C'),
	(1647, 1647, 'C'),
	(1648, 1648, 'A'),
	(1649, 1649, 'C'),
	(1650, 1650, 'C'),
	(1651, 1651, 'A'),
	(1652, 1652, 'B'),
	(1654, 1654, 'B'),
	(1655, 1655, 'C'),
	(1656, 1656, 'A'),
	(1657, 1657, 'B'),
	(1658, 1658, 'B'),
	(1659, 1659, 'C'),
	(1660, 1660, 'B'),
	(1661, 1661, 'A'),
	(1662, 1662, 'B'),
	(1663, 1663, 'C'),
	(1664, 1664, 'A'),
	(1666, 1666, 'B'),
	(1667, 1667, 'A'),
	(1669, 1669, 'C'),
	(1670, 1670, 'C'),
	(1671, 1671, 'A'),
	(1672, 1672, 'B'),
	(1673, 1673, 'A'),
	(1674, 1674, 'C'),
	(1675, 1675, 'B'),
	(1676, 1676, 'B'),
	(1677, 1677, 'B'),
	(1678, 1678, 'A'),
	(1679, 1679, 'C'),
	(1680, 1680, 'B'),
	(1681, 1681, 'A'),
	(1682, 1682, 'B'),
	(1683, 1683, 'C'),
	(1684, 1684, 'A'),
	(1685, 1685, 'A'),
	(1686, 1686, 'C'),
	(1688, 1688, 'A'),
	(1689, 1689, 'A'),
	(1690, 1690, 'C'),
	(1691, 1691, 'A'),
	(1692, 1692, 'A'),
	(1693, 1693, 'B'),
	(1694, 1694, 'A'),
	(1695, 1695, 'A'),
	(1696, 1696, 'B'),
	(1697, 1697, 'C'),
	(1698, 1698, 'A'),
	(1699, 1699, 'C'),
	(1700, 1700, 'A'),
	(1701, 1701, 'A'),
	(1702, 1702, 'B'),
	(1703, 1703, 'B'),
	(1704, 1704, 'B'),
	(1705, 1705, 'C'),
	(1706, 1706, 'C'),
	(1707, 1707, 'C'),
	(1708, 1708, 'C'),
	(1709, 1709, 'A'),
	(1710, 1710, 'A'),
	(1711, 1711, 'C'),
	(1712, 1712, 'A'),
	(1714, 1714, 'C'),
	(1715, 1715, 'B'),
	(1716, 1716, 'A'),
	(1717, 1717, 'C'),
	(1718, 1718, 'C'),
	(1719, 1719, 'B'),
	(1720, 1720, 'B'),
	(1721, 1721, 'B'),
	(1722, 1722, 'B'),
	(1724, 1724, 'B'),
	(1725, 1725, 'C'),
	(1726, 1726, 'C'),
	(1727, 1727, 'B'),
	(1729, 1729, 'C'),
	(1730, 1730, 'B'),
	(1731, 1731, 'B'),
	(1732, 1732, 'C'),
	(1733, 1733, 'A'),
	(1734, 1734, 'C'),
	(1735, 1735, 'B'),
	(1736, 1736, 'A'),
	(1737, 1737, 'A'),
	(1738, 1738, 'A'),
	(1739, 1739, 'B'),
	(1740, 1740, 'B'),
	(1741, 1741, 'B'),
	(1742, 1742, 'A'),
	(1743, 1743, 'A'),
	(1744, 1744, 'A'),
	(1745, 1745, 'A'),
	(1746, 1746, 'A'),
	(1747, 1747, 'A'),
	(1748, 1748, 'C'),
	(1749, 1749, 'B'),
	(1750, 1750, 'B'),
	(1751, 1751, 'A'),
	(1752, 1752, 'A'),
	(1753, 1753, 'C'),
	(1754, 1754, 'C'),
	(1755, 1755, 'B'),
	(1756, 1756, 'C'),
	(1757, 1757, 'B'),
	(1758, 1758, 'B'),
	(1759, 1759, 'A'),
	(1761, 1761, 'C'),
	(1762, 1762, 'A'),
	(1764, 1764, 'B'),
	(1765, 1765, 'C'),
	(1767, 1767, 'B'),
	(1768, 1768, 'A'),
	(1769, 1769, 'B'),
	(1771, 1771, 'B'),
	(1772, 1772, 'B'),
	(1773, 1773, 'C'),
	(1774, 1774, 'B'),
	(1775, 1775, 'A'),
	(1776, 1776, 'A'),
	(1777, 1777, 'A'),
	(1778, 1778, 'A'),
	(1779, 1779, 'B'),
	(1780, 1780, 'B'),
	(1781, 1781, 'C'),
	(1782, 1782, 'A'),
	(1783, 1783, 'A'),
	(1784, 1784, 'A'),
	(1785, 1785, 'B'),
	(1787, 1787, 'A'),
	(1788, 1788, 'A'),
	(1789, 1789, 'C'),
	(1790, 1790, 'B'),
	(1791, 1791, 'A'),
	(1792, 1792, 'A'),
	(1793, 1793, 'A'),
	(1794, 1794, 'A'),
	(1795, 1795, 'B'),
	(1796, 1796, 'A'),
	(1797, 1797, 'C'),
	(1798, 1798, 'B'),
	(1799, 1799, 'B'),
	(1800, 1800, 'A'),
	(1801, 1801, 'B'),
	(1802, 1802, 'A'),
	(1804, 1804, 'C'),
	(1805, 1805, 'A'),
	(1806, 1806, 'B'),
	(1807, 1807, 'B'),
	(1808, 1808, 'A'),
	(1809, 1809, 'A'),
	(1810, 1810, 'B'),
	(1811, 1811, 'A'),
	(1812, 1812, 'B'),
	(1813, 1813, 'A'),
	(1814, 1814, 'A'),
	(1815, 1815, 'B'),
	(1816, 1816, 'C'),
	(1817, 1817, 'C'),
	(1818, 1818, 'C'),
	(1819, 1819, 'B'),
	(1820, 1820, 'A'),
	(1821, 1821, 'B'),
	(1822, 1822, 'B'),
	(1823, 1823, 'C'),
	(1824, 1824, 'B'),
	(1825, 1825, 'A'),
	(1828, 1828, 'B'),
	(1829, 1829, 'B'),
	(1830, 1830, 'B'),
	(1831, 1831, 'A'),
	(1832, 1832, 'B'),
	(1833, 1833, 'B'),
	(1834, 1834, 'B'),
	(1835, 1835, 'B'),
	(1836, 1836, 'C'),
	(1837, 1837, 'A'),
	(1838, 1838, 'C'),
	(1839, 1839, 'A'),
	(1840, 1840, 'A'),
	(1841, 1841, 'C'),
	(1842, 1842, 'B'),
	(1843, 1843, 'A'),
	(1844, 1844, 'B'),
	(1845, 1845, 'B'),
	(1846, 1846, 'C'),
	(1847, 1847, 'A'),
	(1848, 1848, 'C'),
	(1849, 1849, 'B'),
	(1850, 1850, 'B'),
	(1851, 1851, 'C'),
	(1852, 1852, 'A'),
	(1853, 1853, 'A'),
	(1854, 1854, 'B'),
	(1855, 1855, 'B'),
	(1856, 1856, 'C'),
	(1857, 1857, 'A'),
	(1858, 1858, 'C'),
	(1859, 1859, 'C'),
	(1860, 1860, 'B'),
	(1861, 1861, 'A'),
	(1862, 1862, 'A'),
	(1864, 1864, 'B'),
	(1865, 1865, 'A'),
	(1866, 1866, 'A'),
	(1867, 1867, 'C'),
	(1868, 1868, 'A'),
	(1869, 1869, 'C'),
	(1870, 1870, 'C'),
	(1871, 1871, 'A'),
	(1872, 1872, 'C'),
	(1873, 1873, 'B'),
	(1874, 1874, 'A'),
	(1875, 1875, 'C'),
	(1876, 1876, 'B'),
	(1877, 1877, 'C'),
	(1878, 1878, 'C'),
	(1880, 1880, 'C'),
	(1881, 1881, 'C'),
	(1882, 1882, 'B'),
	(1883, 1883, 'B'),
	(1884, 1884, 'C'),
	(1885, 1885, 'A'),
	(1886, 1886, 'C'),
	(1887, 1887, 'B'),
	(1888, 1888, 'B'),
	(1889, 1889, 'B'),
	(1890, 1890, 'C'),
	(1891, 1891, 'A'),
	(1892, 1892, 'A'),
	(1893, 1893, 'C'),
	(1895, 1895, 'A'),
	(1896, 1896, 'B'),
	(1897, 1897, 'C'),
	(1898, 1898, 'A'),
	(1899, 1899, 'C'),
	(1900, 1900, 'C'),
	(1901, 1901, 'B'),
	(1902, 1902, 'A'),
	(1903, 1903, 'B'),
	(1904, 1904, 'B'),
	(1905, 1905, 'C'),
	(1906, 1906, 'C'),
	(1907, 1907, 'C'),
	(1908, 1908, 'B'),
	(1909, 1909, 'A'),
	(1910, 1910, 'A'),
	(1911, 1911, 'C'),
	(1912, 1912, 'B'),
	(1913, 1913, 'C'),
	(1914, 1914, 'C'),
	(1915, 1915, 'B'),
	(1916, 1916, 'B'),
	(1917, 1917, 'B'),
	(1918, 1918, 'B'),
	(1919, 1919, 'C'),
	(1920, 1920, 'A'),
	(1922, 1922, 'A'),
	(1924, 1924, 'A'),
	(1925, 1925, 'A'),
	(1926, 1926, 'A'),
	(1927, 1927, 'B'),
	(1928, 1928, 'B'),
	(1929, 1929, 'B'),
	(1930, 1930, 'A'),
	(1931, 1931, 'A'),
	(1932, 1932, 'C'),
	(1933, 1933, 'C'),
	(1934, 1934, 'A'),
	(1935, 1935, 'C'),
	(1936, 1936, 'C'),
	(1937, 1937, 'A'),
	(1938, 1938, 'C'),
	(1939, 1939, 'C'),
	(1940, 1940, 'B'),
	(1941, 1941, 'B'),
	(1942, 1942, 'C'),
	(1943, 1943, 'B'),
	(1944, 1944, 'A'),
	(1945, 1945, 'B'),
	(1946, 1946, 'A'),
	(1947, 1947, 'A'),
	(1948, 1948, 'B'),
	(1949, 1949, 'B'),
	(1950, 1950, 'A'),
	(1951, 1951, 'A'),
	(1952, 1952, 'C'),
	(1953, 1953, 'C'),
	(1954, 1954, 'A'),
	(1955, 1955, 'A'),
	(1956, 1956, 'B'),
	(1957, 1957, 'B'),
	(1958, 1958, 'A'),
	(1959, 1959, 'B'),
	(1960, 1960, 'B'),
	(1962, 1962, 'A'),
	(1963, 1963, 'C'),
	(1964, 1964, 'C'),
	(1965, 1965, 'B'),
	(1966, 1966, 'B'),
	(1968, 1968, 'A'),
	(1969, 1969, 'C'),
	(1970, 1970, 'A'),
	(1971, 1971, 'C'),
	(1972, 1972, 'A'),
	(1973, 1973, 'A'),
	(1975, 1975, 'A'),
	(1976, 1976, 'B'),
	(1977, 1977, 'A'),
	(1978, 1978, 'C'),
	(1979, 1979, 'C'),
	(1980, 1980, 'C'),
	(1981, 1981, 'A'),
	(1983, 1983, 'A'),
	(1984, 1984, 'C'),
	(1985, 1985, 'A'),
	(1986, 1986, 'C'),
	(1987, 1987, 'A'),
	(1988, 1988, 'B'),
	(1989, 1989, 'C'),
	(1990, 1990, 'B'),
	(1991, 1991, 'B'),
	(1992, 1992, 'A'),
	(1993, 1993, 'A'),
	(1994, 1994, 'A'),
	(1995, 1995, 'A'),
	(1996, 1996, 'C'),
	(1997, 1997, 'A'),
	(1999, 1999, 'B'),
	(2001, 2001, 'B'),
	(2002, 2002, 'A'),
	(2003, 2003, 'C'),
	(2004, 2004, 'C'),
	(2005, 2005, 'A'),
	(2006, 2006, 'A'),
	(2007, 2007, 'B'),
	(2008, 2008, 'C'),
	(2009, 2009, 'C'),
	(2010, 2010, 'C'),
	(2011, 2011, 'B'),
	(2012, 2012, 'B'),
	(2013, 2013, 'B'),
	(2014, 2014, 'B'),
	(2015, 2015, 'B'),
	(2016, 2016, 'B'),
	(2017, 2017, 'C'),
	(2018, 2018, 'C'),
	(2019, 2019, 'C'),
	(2020, 2020, 'A'),
	(2021, 2021, 'A'),
	(2022, 2022, 'C'),
	(2023, 2023, 'C'),
	(2024, 2024, 'B'),
	(2025, 2025, 'B'),
	(2026, 2026, 'C'),
	(2027, 2027, 'B'),
	(2028, 2028, 'A'),
	(2029, 2029, 'A'),
	(2030, 2030, 'A'),
	(2031, 2031, 'A'),
	(2032, 2032, 'C'),
	(2034, 2034, 'A'),
	(2035, 2035, 'A'),
	(2036, 2036, 'A'),
	(2037, 2037, 'C'),
	(2038, 2038, 'A'),
	(2039, 2039, 'C'),
	(2040, 2040, 'B'),
	(2041, 2041, 'B'),
	(2042, 2042, 'B'),
	(2044, 2044, 'B'),
	(2045, 2045, 'A'),
	(2046, 2046, 'C'),
	(2047, 2047, 'B'),
	(2048, 2048, 'B'),
	(2049, 2049, 'A'),
	(2050, 2050, 'B'),
	(2051, 2051, 'A'),
	(2052, 2052, 'A'),
	(2053, 2053, 'B'),
	(2056, 2056, 'C'),
	(2057, 2057, 'A'),
	(2058, 2058, 'B'),
	(2059, 2059, 'B'),
	(2060, 2060, 'C'),
	(2061, 2061, 'B'),
	(2062, 2062, 'A'),
	(2063, 2063, 'C'),
	(2064, 2064, 'B'),
	(2065, 2065, 'C'),
	(2066, 2066, 'C'),
	(2067, 2067, 'C'),
	(2068, 2068, 'C'),
	(2069, 2069, 'A'),
	(2070, 2070, 'A'),
	(2072, 2072, 'C'),
	(2073, 2073, 'B'),
	(2074, 2074, 'C'),
	(2075, 2075, 'B'),
	(2076, 2076, 'C'),
	(2077, 2077, 'B'),
	(2078, 2078, 'A'),
	(2079, 2079, 'A'),
	(2081, 2081, 'B'),
	(2083, 2083, 'B'),
	(2084, 2084, 'C'),
	(2085, 2085, 'C'),
	(2086, 2086, 'A'),
	(2087, 2087, 'B'),
	(2088, 2088, 'B'),
	(2089, 2089, 'B'),
	(2090, 2090, 'B'),
	(2092, 2092, 'A'),
	(2093, 2093, 'B'),
	(2095, 2095, 'C'),
	(2096, 2096, 'A'),
	(2097, 2097, 'B'),
	(2098, 2098, 'C'),
	(2099, 2099, 'B'),
	(2100, 2100, 'B'),
	(2101, 2101, 'B'),
	(2102, 2102, 'B'),
	(2103, 2103, 'C'),
	(2104, 2104, 'A'),
	(2105, 2105, 'C'),
	(2106, 2106, 'B'),
	(2107, 2107, 'B'),
	(2108, 2108, 'A'),
	(2109, 2109, 'A'),
	(2110, 2110, 'A'),
	(2111, 2111, 'C'),
	(2112, 2112, 'A'),
	(2113, 2113, 'B'),
	(2114, 2114, 'A'),
	(2115, 2115, 'B'),
	(2116, 2116, 'A'),
	(2117, 2117, 'B'),
	(2118, 2118, 'B'),
	(2119, 2119, 'A'),
	(2120, 2120, 'B'),
	(2121, 2121, 'A'),
	(2122, 2122, 'C'),
	(2123, 2123, 'C'),
	(2124, 2124, 'B'),
	(2125, 2125, 'C'),
	(2126, 2126, 'C'),
	(2127, 2127, 'C'),
	(2128, 2128, 'A'),
	(2129, 2129, 'C'),
	(2130, 2130, 'B'),
	(2131, 2131, 'A'),
	(2132, 2132, 'B'),
	(2133, 2133, 'A'),
	(2134, 2134, 'B'),
	(2135, 2135, 'B'),
	(2136, 2136, 'A'),
	(2137, 2137, 'C'),
	(2138, 2138, 'C'),
	(2139, 2139, 'C'),
	(2140, 2140, 'A'),
	(2141, 2141, 'B'),
	(2142, 2142, 'B'),
	(2144, 2144, 'A'),
	(2145, 2145, 'C'),
	(2146, 2146, 'C'),
	(2147, 2147, 'C'),
	(2148, 2148, 'A'),
	(2149, 2149, 'A'),
	(2151, 2151, 'C'),
	(2152, 2152, 'C'),
	(2153, 2153, 'B'),
	(2154, 2154, 'B'),
	(2155, 2155, 'B'),
	(2156, 2156, 'B'),
	(2157, 2157, 'B'),
	(2158, 2158, 'A'),
	(2159, 2159, 'A'),
	(2160, 2160, 'C'),
	(2161, 2161, 'B'),
	(2162, 2162, 'C'),
	(2163, 2163, 'B'),
	(2164, 2164, 'C'),
	(2165, 2165, 'A'),
	(2166, 2166, 'B'),
	(2167, 2167, 'C'),
	(2168, 2168, 'B'),
	(2169, 2169, 'C'),
	(2170, 2170, 'A'),
	(2171, 2171, 'A'),
	(2172, 2172, 'C'),
	(2173, 2173, 'B'),
	(2174, 2174, 'B'),
	(2175, 2175, 'C'),
	(2176, 2176, 'A'),
	(2177, 2177, 'A'),
	(2178, 2178, 'C'),
	(2179, 2179, 'C'),
	(2180, 2180, 'C'),
	(2181, 2181, 'C'),
	(2182, 2182, 'C'),
	(2183, 2183, 'A'),
	(2184, 2184, 'C'),
	(2185, 2185, 'A'),
	(2186, 2186, 'C'),
	(2187, 2187, 'B'),
	(2188, 2188, 'A'),
	(2189, 2189, 'B'),
	(2190, 2190, 'B'),
	(2191, 2191, 'B'),
	(2192, 2192, 'A'),
	(2193, 2193, 'B'),
	(2194, 2194, 'A'),
	(2195, 2195, 'C'),
	(2196, 2196, 'A'),
	(2197, 2197, 'B'),
	(2198, 2198, 'A'),
	(2199, 2199, 'C'),
	(2200, 2200, 'B'),
	(2201, 2201, 'C'),
	(2202, 2202, 'B'),
	(2203, 2203, 'A'),
	(2204, 2204, 'C'),
	(2205, 2205, 'B'),
	(2206, 2206, 'B'),
	(2207, 2207, 'B'),
	(2208, 2208, 'C'),
	(2209, 2209, 'C'),
	(2210, 2210, 'C'),
	(2211, 2211, 'C'),
	(2212, 2212, 'A'),
	(2213, 2213, 'A'),
	(2214, 2214, 'C'),
	(2215, 2215, 'A'),
	(2216, 2216, 'B'),
	(2217, 2217, 'A'),
	(2218, 2218, 'C'),
	(2219, 2219, 'B'),
	(2220, 2220, 'B'),
	(2221, 2221, 'B'),
	(2224, 2224, 'B'),
	(2225, 2225, 'A'),
	(2226, 2226, 'B'),
	(2227, 2227, 'B'),
	(2228, 2228, 'C'),
	(2229, 2229, 'C'),
	(2230, 2230, 'C'),
	(2231, 2231, 'B'),
	(2232, 2232, 'C'),
	(2233, 2233, 'B'),
	(2234, 2234, 'A'),
	(2235, 2235, 'A'),
	(2236, 2236, 'C'),
	(2237, 2237, 'B'),
	(2238, 2238, 'A'),
	(2239, 2239, 'C'),
	(2240, 2240, 'A'),
	(2241, 2241, 'B'),
	(2242, 2242, 'C'),
	(2243, 2243, 'C'),
	(2244, 2244, 'C'),
	(2245, 2245, 'B'),
	(2246, 2246, 'C'),
	(2247, 2247, 'B'),
	(2248, 2248, 'B'),
	(2249, 2249, 'C'),
	(2250, 2250, 'C');

-- 테이블 SampleSchool2.students 구조 내보내기
CREATE TABLE IF NOT EXISTS `students` (
  `id` int(11) NOT NULL AUTO_INCREMENT,
  `name` varchar(100) NOT NULL,
  `birthdate` date DEFAULT NULL,
  `gender` enum('Male','Female','Other') DEFAULT NULL,
  PRIMARY KEY (`id`)
) ENGINE=InnoDB AUTO_INCREMENT=501 DEFAULT CHARSET=utf8mb4 COLLATE=utf8mb4_general_ci;

-- 테이블 데이터 SampleSchool2.students:~500 rows (대략적) 내보내기
INSERT INTO `students` (`id`, `name`, `birthdate`, `gender`) VALUES
	(1, '학생001', '1993-03-02', 'Female'),
	(2, '학생002', '1993-01-20', 'Other'),
	(3, '학생003', '2009-04-17', 'Female'),
	(4, '학생004', '2003-03-26', 'Male'),
	(5, '학생005', '2006-03-04', 'Other'),
	(6, '학생006', '1994-06-06', 'Female'),
	(7, '학생007', '1998-02-28', 'Other'),
	(8, '학생008', '1999-12-21', 'Female'),
	(9, '학생009', '1996-12-01', 'Other'),
	(10, '학생010', '2005-08-15', 'Female'),
	(11, '학생011', '2006-08-19', 'Male'),
	(12, '학생012', '2002-07-18', 'Other'),
	(13, '학생013', '2007-10-22', 'Female'),
	(14, '학생014', '1993-06-05', 'Other'),
	(15, '학생015', '1990-12-08', 'Male'),
	(16, '학생016', '2000-10-07', 'Other'),
	(17, '학생017', '1993-05-23', 'Other'),
	(18, '학생018', '1995-11-06', 'Other'),
	(19, '학생019', '2003-04-01', 'Male'),
	(20, '학생020', '1994-10-10', 'Other'),
	(21, '학생021', '2002-07-06', 'Male'),
	(22, '학생022', '2000-05-17', 'Other'),
	(23, '학생023', '2006-07-03', 'Female'),
	(24, '학생024', '1997-09-04', 'Male'),
	(25, '학생025', '1991-11-26', 'Male'),
	(26, '학생026', '1991-09-12', 'Male'),
	(27, '학생027', '1991-09-08', 'Male'),
	(28, '학생028', '1999-02-25', 'Male'),
	(29, '학생029', '2000-07-17', 'Male'),
	(30, '학생030', '2005-06-27', 'Other'),
	(31, '학생031', '1991-11-23', 'Female'),
	(32, '학생032', '1990-11-05', 'Other'),
	(33, '학생033', '2004-12-01', 'Other'),
	(34, '학생034', '2003-04-03', 'Other'),
	(35, '학생035', '2007-11-15', 'Male'),
	(36, '학생036', '2004-10-21', 'Female'),
	(37, '학생037', '2009-04-19', 'Male'),
	(38, '학생038', '2001-05-17', 'Female'),
	(39, '학생039', '1991-01-11', 'Female'),
	(40, '학생040', '2003-12-28', 'Female'),
	(41, '학생041', '2001-01-09', 'Other'),
	(42, '학생042', '1993-03-20', 'Female'),
	(43, '학생043', '1998-08-17', 'Male'),
	(44, '학생044', '2008-04-25', 'Female'),
	(45, '학생045', '2006-03-15', 'Other'),
	(46, '학생046', '2006-08-08', 'Male'),
	(47, '학생047', '2009-09-21', 'Female'),
	(48, '학생048', '1991-09-21', 'Other'),
	(49, '학생049', '2004-06-13', 'Male'),
	(50, '학생050', '1998-11-20', 'Female'),
	(51, '학생051', '1990-06-13', 'Other'),
	(52, '학생052', '2000-04-23', 'Male'),
	(53, '학생053', '2008-07-17', 'Other'),
	(54, '학생054', '1997-09-12', 'Female'),
	(55, '학생055', '2009-09-23', 'Female'),
	(56, '학생056', '1997-04-26', 'Male'),
	(57, '학생057', '2006-11-25', 'Female'),
	(58, '학생058', '1991-11-26', 'Other'),
	(59, '학생059', '1995-10-05', 'Female'),
	(60, '학생060', '2008-11-20', 'Other'),
	(61, '학생061', '1998-07-05', 'Male'),
	(62, '학생062', '1992-04-11', 'Other'),
	(63, '학생063', '2009-12-10', 'Other'),
	(64, '학생064', '1991-11-27', 'Other'),
	(65, '학생065', '1996-12-12', 'Male'),
	(66, '학생066', '1997-08-25', 'Other'),
	(67, '학생067', '1995-12-27', 'Other'),
	(68, '학생068', '2008-11-15', 'Female'),
	(69, '학생069', '2007-11-05', 'Other'),
	(70, '학생070', '1994-06-21', 'Female'),
	(71, '학생071', '1991-04-06', 'Female'),
	(72, '학생072', '1993-12-23', 'Other'),
	(73, '학생073', '1993-06-12', 'Male'),
	(74, '학생074', '2005-05-28', 'Female'),
	(75, '학생075', '1994-08-08', 'Other'),
	(76, '학생076', '1995-08-23', 'Male'),
	(77, '학생077', '1995-03-28', 'Male'),
	(78, '학생078', '1998-01-22', 'Other'),
	(79, '학생079', '1994-04-20', 'Male'),
	(80, '학생080', '1993-09-27', 'Male'),
	(81, '학생081', '1992-12-25', 'Male'),
	(82, '학생082', '2006-12-27', 'Male'),
	(83, '학생083', '2007-08-21', 'Female'),
	(84, '학생084', '2002-02-11', 'Female'),
	(85, '학생085', '1992-09-13', 'Female'),
	(86, '학생086', '2008-06-16', 'Other'),
	(87, '학생087', '2009-07-18', 'Female'),
	(88, '학생088', '2004-11-05', 'Female'),
	(89, '학생089', '1998-05-01', 'Other'),
	(90, '학생090', '2007-12-19', 'Male'),
	(91, '학생091', '1990-05-05', 'Male'),
	(92, '학생092', '2005-09-18', 'Male'),
	(93, '학생093', '1998-05-19', 'Male'),
	(94, '학생094', '1995-07-17', 'Male'),
	(95, '학생095', '2005-11-13', 'Other'),
	(96, '학생096', '2003-08-21', 'Other'),
	(97, '학생097', '2005-03-25', 'Male'),
	(98, '학생098', '2006-05-14', 'Other'),
	(99, '학생099', '1992-11-03', 'Male'),
	(100, '학생100', '2009-11-06', 'Female'),
	(101, '학생101', '2007-10-05', 'Male'),
	(102, '학생102', '1999-06-25', 'Female'),
	(103, '학생103', '1993-07-17', 'Other'),
	(104, '학생104', '1991-10-12', 'Female'),
	(105, '학생105', '1994-06-15', 'Male'),
	(106, '학생106', '2002-01-09', 'Female'),
	(107, '학생107', '1996-12-11', 'Female'),
	(108, '학생108', '2005-08-20', 'Other'),
	(109, '학생109', '2001-06-04', 'Female'),
	(110, '학생110', '1995-10-06', 'Female'),
	(111, '학생111', '2004-11-03', 'Female'),
	(112, '학생112', '1992-12-14', 'Female'),
	(113, '학생113', '1999-06-07', 'Other'),
	(114, '학생114', '1993-06-15', 'Male'),
	(115, '학생115', '2002-05-25', 'Female'),
	(116, '학생116', '1995-05-17', 'Male'),
	(117, '학생117', '2005-02-13', 'Other'),
	(118, '학생118', '1990-12-23', 'Female'),
	(119, '학생119', '2006-09-10', 'Other'),
	(120, '학생120', '1995-04-21', 'Male'),
	(121, '학생121', '1995-03-11', 'Male'),
	(122, '학생122', '2006-08-03', 'Male'),
	(123, '학생123', '2000-07-09', 'Other'),
	(124, '학생124', '1990-02-17', 'Male'),
	(125, '학생125', '1991-02-15', 'Male'),
	(126, '학생126', '1992-03-27', 'Female'),
	(127, '학생127', '2000-06-09', 'Male'),
	(128, '학생128', '2003-12-28', 'Other'),
	(129, '학생129', '2001-06-21', 'Female'),
	(130, '학생130', '1997-07-23', 'Other'),
	(131, '학생131', '1999-06-16', 'Other'),
	(132, '학생132', '2002-04-22', 'Other'),
	(133, '학생133', '2008-11-07', 'Other'),
	(134, '학생134', '2004-06-17', 'Male'),
	(135, '학생135', '2001-10-15', 'Other'),
	(136, '학생136', '1997-10-01', 'Other'),
	(137, '학생137', '1990-10-14', 'Other'),
	(138, '학생138', '2000-06-10', 'Female'),
	(139, '학생139', '1995-10-13', 'Female'),
	(140, '학생140', '1998-02-20', 'Female'),
	(141, '학생141', '1997-04-14', 'Other'),
	(142, '학생142', '1997-11-06', 'Female'),
	(143, '학생143', '1998-12-02', 'Female'),
	(144, '학생144', '1990-09-24', 'Female'),
	(145, '학생145', '2002-10-10', 'Female'),
	(146, '학생146', '1994-04-13', 'Female'),
	(147, '학생147', '2002-12-18', 'Other'),
	(148, '학생148', '2008-06-19', 'Female'),
	(149, '학생149', '1995-07-01', 'Male'),
	(150, '학생150', '1995-11-28', 'Male'),
	(151, '학생151', '2000-07-27', 'Female'),
	(152, '학생152', '2003-09-23', 'Male'),
	(153, '학생153', '2000-11-12', 'Female'),
	(154, '학생154', '2006-09-21', 'Female'),
	(155, '학생155', '2002-10-06', 'Male'),
	(156, '학생156', '2000-01-10', 'Male'),
	(157, '학생157', '1994-05-19', 'Other'),
	(158, '학생158', '2003-04-14', 'Female'),
	(159, '학생159', '2002-02-19', 'Female'),
	(160, '학생160', '2009-03-23', 'Male'),
	(161, '학생161', '1999-12-05', 'Other'),
	(162, '학생162', '2007-02-21', 'Male'),
	(163, '학생163', '2008-12-05', 'Other'),
	(164, '학생164', '1993-06-03', 'Other'),
	(165, '학생165', '1997-08-25', 'Female'),
	(166, '학생166', '1991-02-22', 'Male'),
	(167, '학생167', '2004-12-28', 'Male'),
	(168, '학생168', '1993-11-22', 'Male'),
	(169, '학생169', '1998-03-07', 'Other'),
	(170, '학생170', '1990-08-19', 'Female'),
	(171, '학생171', '1990-09-10', 'Male'),
	(172, '학생172', '2002-10-23', 'Other'),
	(173, '학생173', '1990-07-18', 'Other'),
	(174, '학생174', '2002-04-28', 'Male'),
	(175, '학생175', '1993-09-23', 'Male'),
	(176, '학생176', '2007-07-21', 'Other'),
	(177, '학생177', '1994-05-16', 'Female'),
	(178, '학생178', '1997-04-22', 'Other'),
	(179, '학생179', '1992-08-04', 'Male'),
	(180, '학생180', '2004-05-01', 'Other'),
	(181, '학생181', '1998-03-28', 'Male'),
	(182, '학생182', '2002-12-10', 'Other'),
	(183, '학생183', '2001-12-19', 'Other'),
	(184, '학생184', '1999-05-07', 'Other'),
	(185, '학생185', '2001-09-06', 'Female'),
	(186, '학생186', '1997-06-20', 'Female'),
	(187, '학생187', '2007-10-17', 'Male'),
	(188, '학생188', '1993-06-09', 'Male'),
	(189, '학생189', '2000-08-02', 'Other'),
	(190, '학생190', '1994-05-25', 'Male'),
	(191, '학생191', '2001-12-24', 'Male'),
	(192, '학생192', '1998-10-27', 'Male'),
	(193, '학생193', '2001-03-17', 'Female'),
	(194, '학생194', '2000-05-28', 'Female'),
	(195, '학생195', '1998-12-22', 'Other'),
	(196, '학생196', '1991-11-02', 'Male'),
	(197, '학생197', '2008-02-01', 'Female'),
	(198, '학생198', '2007-02-08', 'Male'),
	(199, '학생199', '1998-01-22', 'Male'),
	(200, '학생200', '1997-05-23', 'Other'),
	(201, '학생201', '2006-10-27', 'Other'),
	(202, '학생202', '1998-03-08', 'Male'),
	(203, '학생203', '1998-02-23', 'Male'),
	(204, '학생204', '2003-02-27', 'Other'),
	(205, '학생205', '1994-11-19', 'Female'),
	(206, '학생206', '2009-04-13', 'Female'),
	(207, '학생207', '1991-11-09', 'Male'),
	(208, '학생208', '2001-07-08', 'Male'),
	(209, '학생209', '1994-08-05', 'Male'),
	(210, '학생210', '2005-10-19', 'Other'),
	(211, '학생211', '2006-06-04', 'Female'),
	(212, '학생212', '2001-07-21', 'Female'),
	(213, '학생213', '2009-02-15', 'Male'),
	(214, '학생214', '2007-08-21', 'Other'),
	(215, '학생215', '2005-07-25', 'Female'),
	(216, '학생216', '2005-05-25', 'Male'),
	(217, '학생217', '1997-01-19', 'Other'),
	(218, '학생218', '1998-04-02', 'Male'),
	(219, '학생219', '1999-07-27', 'Male'),
	(220, '학생220', '1991-03-28', 'Female'),
	(221, '학생221', '2004-05-28', 'Male'),
	(222, '학생222', '1990-01-09', 'Female'),
	(223, '학생223', '2000-10-09', 'Male'),
	(224, '학생224', '2000-02-08', 'Male'),
	(225, '학생225', '2004-06-17', 'Other'),
	(226, '학생226', '1991-08-21', 'Other'),
	(227, '학생227', '2002-12-18', 'Male'),
	(228, '학생228', '2009-02-21', 'Female'),
	(229, '학생229', '1999-12-28', 'Male'),
	(230, '학생230', '1994-12-15', 'Male'),
	(231, '학생231', '1991-07-04', 'Other'),
	(232, '학생232', '1999-07-18', 'Other'),
	(233, '학생233', '2003-10-25', 'Female'),
	(234, '학생234', '2003-07-12', 'Other'),
	(235, '학생235', '2006-06-10', 'Male'),
	(236, '학생236', '1994-10-23', 'Female'),
	(237, '학생237', '2005-01-09', 'Other'),
	(238, '학생238', '2008-06-10', 'Other'),
	(239, '학생239', '1995-03-23', 'Male'),
	(240, '학생240', '1994-05-02', 'Other'),
	(241, '학생241', '2000-10-08', 'Female'),
	(242, '학생242', '1998-09-20', 'Female'),
	(243, '학생243', '1998-06-14', 'Female'),
	(244, '학생244', '1996-11-01', 'Male'),
	(245, '학생245', '1998-11-08', 'Female'),
	(246, '학생246', '1993-03-24', 'Other'),
	(247, '학생247', '2008-08-04', 'Female'),
	(248, '학생248', '2007-06-16', 'Female'),
	(249, '학생249', '1997-12-24', 'Other'),
	(250, '학생250', '1990-11-24', 'Female'),
	(251, '학생251', '1991-01-18', 'Female'),
	(252, '학생252', '2009-11-28', 'Male'),
	(253, '학생253', '2008-07-10', 'Other'),
	(254, '학생254', '2007-12-14', 'Other'),
	(255, '학생255', '1992-09-19', 'Other'),
	(256, '학생256', '1997-11-03', 'Female'),
	(257, '학생257', '2001-08-03', 'Other'),
	(258, '학생258', '1995-08-10', 'Male'),
	(259, '학생259', '2003-03-28', 'Other'),
	(260, '학생260', '2004-11-03', 'Male'),
	(261, '학생261', '1995-10-16', 'Male'),
	(262, '학생262', '1996-12-12', 'Other'),
	(263, '학생263', '2005-06-17', 'Other'),
	(264, '학생264', '2009-05-01', 'Female'),
	(265, '학생265', '2004-04-15', 'Female'),
	(266, '학생266', '2006-12-19', 'Male'),
	(267, '학생267', '2000-02-05', 'Male'),
	(268, '학생268', '1990-04-07', 'Female'),
	(269, '학생269', '2002-01-25', 'Male'),
	(270, '학생270', '2005-12-23', 'Female'),
	(271, '학생271', '1994-06-15', 'Female'),
	(272, '학생272', '1998-10-14', 'Other'),
	(273, '학생273', '2000-06-06', 'Male'),
	(274, '학생274', '2003-03-19', 'Male'),
	(275, '학생275', '2006-06-02', 'Male'),
	(276, '학생276', '2008-08-06', 'Male'),
	(277, '학생277', '2003-04-28', 'Male'),
	(278, '학생278', '2000-10-06', 'Female'),
	(279, '학생279', '2007-02-16', 'Male'),
	(280, '학생280', '2006-05-07', 'Female'),
	(281, '학생281', '2003-02-07', 'Male'),
	(282, '학생282', '1991-03-25', 'Male'),
	(283, '학생283', '1999-10-17', 'Female'),
	(284, '학생284', '1994-12-17', 'Other'),
	(285, '학생285', '1992-06-15', 'Male'),
	(286, '학생286', '2004-01-07', 'Female'),
	(287, '학생287', '2008-09-21', 'Other'),
	(288, '학생288', '2002-10-02', 'Female'),
	(289, '학생289', '1990-10-15', 'Male'),
	(290, '학생290', '2000-08-24', 'Other'),
	(291, '학생291', '2009-05-11', 'Other'),
	(292, '학생292', '1994-06-19', 'Male'),
	(293, '학생293', '2002-10-02', 'Female'),
	(294, '학생294', '2002-03-23', 'Male'),
	(295, '학생295', '2008-02-02', 'Female'),
	(296, '학생296', '1996-01-18', 'Male'),
	(297, '학생297', '1998-01-01', 'Female'),
	(298, '학생298', '2004-01-10', 'Female'),
	(299, '학생299', '1991-01-18', 'Male'),
	(300, '학생300', '1998-11-28', 'Other'),
	(301, '학생301', '2009-07-13', 'Other'),
	(302, '학생302', '1990-12-24', 'Male'),
	(303, '학생303', '1998-10-28', 'Male'),
	(304, '학생304', '2005-04-03', 'Other'),
	(305, '학생305', '1990-01-21', 'Other'),
	(306, '학생306', '2009-09-19', 'Other'),
	(307, '학생307', '2009-10-18', 'Male'),
	(308, '학생308', '1993-06-24', 'Male'),
	(309, '학생309', '2007-02-20', 'Male'),
	(310, '학생310', '2004-12-11', 'Other'),
	(311, '학생311', '2005-02-02', 'Other'),
	(312, '학생312', '2000-11-27', 'Female'),
	(313, '학생313', '1999-05-19', 'Female'),
	(314, '학생314', '1992-11-08', 'Female'),
	(315, '학생315', '2006-07-19', 'Male'),
	(316, '학생316', '2008-09-16', 'Other'),
	(317, '학생317', '2009-10-02', 'Female'),
	(318, '학생318', '2008-11-15', 'Male'),
	(319, '학생319', '2006-04-03', 'Other'),
	(320, '학생320', '2000-04-07', 'Other'),
	(321, '학생321', '2009-05-04', 'Female'),
	(322, '학생322', '1998-09-06', 'Female'),
	(323, '학생323', '2009-09-16', 'Male'),
	(324, '학생324', '1998-01-11', 'Other'),
	(325, '학생325', '1994-02-20', 'Male'),
	(326, '학생326', '2001-12-10', 'Female'),
	(327, '학생327', '2006-05-02', 'Female'),
	(328, '학생328', '2005-05-17', 'Female'),
	(329, '학생329', '2006-10-19', 'Other'),
	(330, '학생330', '2002-08-17', 'Other'),
	(331, '학생331', '2009-06-13', 'Female'),
	(332, '학생332', '1995-07-28', 'Male'),
	(333, '학생333', '1998-11-21', 'Other'),
	(334, '학생334', '2004-09-12', 'Other'),
	(335, '학생335', '2001-06-05', 'Other'),
	(336, '학생336', '1990-11-12', 'Female'),
	(337, '학생337', '1999-06-14', 'Male'),
	(338, '학생338', '2008-05-03', 'Other'),
	(339, '학생339', '2009-06-13', 'Other'),
	(340, '학생340', '2002-08-15', 'Other'),
	(341, '학생341', '1992-02-06', 'Other'),
	(342, '학생342', '2000-07-13', 'Male'),
	(343, '학생343', '1991-01-27', 'Other'),
	(344, '학생344', '1999-03-18', 'Other'),
	(345, '학생345', '2000-06-05', 'Other'),
	(346, '학생346', '1996-08-28', 'Other'),
	(347, '학생347', '2004-02-20', 'Male'),
	(348, '학생348', '1995-01-25', 'Other'),
	(349, '학생349', '1998-11-28', 'Other'),
	(350, '학생350', '2001-12-10', 'Male'),
	(351, '학생351', '2009-09-05', 'Female'),
	(352, '학생352', '2001-07-13', 'Female'),
	(353, '학생353', '1999-09-08', 'Female'),
	(354, '학생354', '2005-11-14', 'Female'),
	(355, '학생355', '2003-02-21', 'Other'),
	(356, '학생356', '1997-05-26', 'Other'),
	(357, '학생357', '2000-09-11', 'Male'),
	(358, '학생358', '1995-03-27', 'Female'),
	(359, '학생359', '2002-06-13', 'Female'),
	(360, '학생360', '2000-09-15', 'Female'),
	(361, '학생361', '1999-03-16', 'Other'),
	(362, '학생362', '1997-04-26', 'Female'),
	(363, '학생363', '2008-02-03', 'Female'),
	(364, '학생364', '2001-06-25', 'Other'),
	(365, '학생365', '2000-12-07', 'Female'),
	(366, '학생366', '2004-10-14', 'Other'),
	(367, '학생367', '2005-10-17', 'Male'),
	(368, '학생368', '2006-09-04', 'Female'),
	(369, '학생369', '2008-03-09', 'Other'),
	(370, '학생370', '1992-03-13', 'Female'),
	(371, '학생371', '2003-02-13', 'Female'),
	(372, '학생372', '1997-08-17', 'Male'),
	(373, '학생373', '1994-08-16', 'Other'),
	(374, '학생374', '2003-04-13', 'Female'),
	(375, '학생375', '2000-01-12', 'Female'),
	(376, '학생376', '1995-06-22', 'Female'),
	(377, '학생377', '1998-04-04', 'Female'),
	(378, '학생378', '1993-07-11', 'Female'),
	(379, '학생379', '2004-11-07', 'Male'),
	(380, '학생380', '2004-09-18', 'Other'),
	(381, '학생381', '1996-04-03', 'Male'),
	(382, '학생382', '1991-10-07', 'Female'),
	(383, '학생383', '1996-02-07', 'Female'),
	(384, '학생384', '1997-09-02', 'Other'),
	(385, '학생385', '2006-10-02', 'Other'),
	(386, '학생386', '1991-02-28', 'Other'),
	(387, '학생387', '2003-08-06', 'Other'),
	(388, '학생388', '1994-10-28', 'Female'),
	(389, '학생389', '1992-04-23', 'Other'),
	(390, '학생390', '1993-09-22', 'Male'),
	(391, '학생391', '1999-12-14', 'Other'),
	(392, '학생392', '2002-02-04', 'Male'),
	(393, '학생393', '1994-05-09', 'Other'),
	(394, '학생394', '1992-11-25', 'Male'),
	(395, '학생395', '2002-08-11', 'Other'),
	(396, '학생396', '1993-10-22', 'Male'),
	(397, '학생397', '2007-07-05', 'Other'),
	(398, '학생398', '2005-12-19', 'Female'),
	(399, '학생399', '1998-06-06', 'Male'),
	(400, '학생400', '2003-06-10', 'Other'),
	(401, '학생401', '2007-06-03', 'Female'),
	(402, '학생402', '1996-02-02', 'Other'),
	(403, '학생403', '2002-08-19', 'Other'),
	(404, '학생404', '1990-12-01', 'Other'),
	(405, '학생405', '2000-02-04', 'Other'),
	(406, '학생406', '2002-10-27', 'Other'),
	(407, '학생407', '2000-07-17', 'Male'),
	(408, '학생408', '2001-09-04', 'Male'),
	(409, '학생409', '1992-04-13', 'Female'),
	(410, '학생410', '1998-05-22', 'Male'),
	(411, '학생411', '2004-11-04', 'Female'),
	(412, '학생412', '2002-11-27', 'Female'),
	(413, '학생413', '1999-09-02', 'Male'),
	(414, '학생414', '2003-11-02', 'Female'),
	(415, '학생415', '1994-09-12', 'Other'),
	(416, '학생416', '1994-05-10', 'Other'),
	(417, '학생417', '1990-12-01', 'Male'),
	(418, '학생418', '2003-12-04', 'Other'),
	(419, '학생419', '1998-07-17', 'Female'),
	(420, '학생420', '1994-05-28', 'Female'),
	(421, '학생421', '2006-01-19', 'Other'),
	(422, '학생422', '1991-02-08', 'Female'),
	(423, '학생423', '2005-08-24', 'Female'),
	(424, '학생424', '2008-09-09', 'Other'),
	(425, '학생425', '1998-04-26', 'Male'),
	(426, '학생426', '1999-04-22', 'Male'),
	(427, '학생427', '2009-10-14', 'Other'),
	(428, '학생428', '1992-08-02', 'Male'),
	(429, '학생429', '1990-10-27', 'Male'),
	(430, '학생430', '1998-09-20', 'Other'),
	(431, '학생431', '1991-09-20', 'Other'),
	(432, '학생432', '1992-01-19', 'Female'),
	(433, '학생433', '1995-12-09', 'Other'),
	(434, '학생434', '1999-03-20', 'Other'),
	(435, '학생435', '2007-03-06', 'Other'),
	(436, '학생436', '2008-11-04', 'Female'),
	(437, '학생437', '2006-05-19', 'Male'),
	(438, '학생438', '2001-06-08', 'Male'),
	(439, '학생439', '1991-01-28', 'Other'),
	(440, '학생440', '2005-05-24', 'Male'),
	(441, '학생441', '1992-11-11', 'Male'),
	(442, '학생442', '1992-08-23', 'Other'),
	(443, '학생443', '1990-12-23', 'Female'),
	(444, '학생444', '2003-11-28', 'Female'),
	(445, '학생445', '2004-01-16', 'Male'),
	(446, '학생446', '2009-07-05', 'Female'),
	(447, '학생447', '2005-12-07', 'Other'),
	(448, '학생448', '2009-04-15', 'Female'),
	(449, '학생449', '1992-04-06', 'Other'),
	(450, '학생450', '1997-07-07', 'Female'),
	(451, '학생451', '1995-06-10', 'Male'),
	(452, '학생452', '2007-03-10', 'Male'),
	(453, '학생453', '2003-10-14', 'Male'),
	(454, '학생454', '2005-04-02', 'Female'),
	(455, '학생455', '1993-07-21', 'Male'),
	(456, '학생456', '2000-07-22', 'Other'),
	(457, '학생457', '2004-08-27', 'Male'),
	(458, '학생458', '2007-09-23', 'Male'),
	(459, '학생459', '2004-06-12', 'Male'),
	(460, '학생460', '1990-05-27', 'Female'),
	(461, '학생461', '1994-01-24', 'Female'),
	(462, '학생462', '1998-02-25', 'Other'),
	(463, '학생463', '1991-05-13', 'Male'),
	(464, '학생464', '2000-05-05', 'Male'),
	(465, '학생465', '2009-10-20', 'Male'),
	(466, '학생466', '2008-09-04', 'Female'),
	(467, '학생467', '1996-03-14', 'Other'),
	(468, '학생468', '2009-07-08', 'Other'),
	(469, '학생469', '2004-05-04', 'Other'),
	(470, '학생470', '1996-07-23', 'Other'),
	(471, '학생471', '2007-11-03', 'Female'),
	(472, '학생472', '1993-12-24', 'Male'),
	(473, '학생473', '2008-10-13', 'Male'),
	(474, '학생474', '2000-12-13', 'Other'),
	(475, '학생475', '2006-06-15', 'Female'),
	(476, '학생476', '1992-02-17', 'Female'),
	(477, '학생477', '2003-06-18', 'Other'),
	(478, '학생478', '1996-12-24', 'Male'),
	(479, '학생479', '2006-10-06', 'Female'),
	(480, '학생480', '1993-06-02', 'Male'),
	(481, '학생481', '2002-09-11', 'Other'),
	(482, '학생482', '2008-11-26', 'Other'),
	(483, '학생483', '2001-06-28', 'Female'),
	(484, '학생484', '2006-09-20', 'Male'),
	(485, '학생485', '2001-02-06', 'Female'),
	(486, '학생486', '1993-10-16', 'Other'),
	(487, '학생487', '1997-10-02', 'Male'),
	(488, '학생488', '2000-09-15', 'Female'),
	(489, '학생489', '1996-10-14', 'Female'),
	(490, '학생490', '2001-05-06', 'Female'),
	(491, '학생491', '1995-12-15', 'Other'),
	(492, '학생492', '2003-03-25', 'Female'),
	(493, '학생493', '1990-09-07', 'Other'),
	(494, '학생494', '2009-09-28', 'Other'),
	(495, '학생495', '2002-09-17', 'Female'),
	(496, '학생496', '1995-06-27', 'Other'),
	(497, '학생497', '2008-07-25', 'Male'),
	(498, '학생498', '1993-10-24', 'Other'),
	(499, '학생499', '2007-10-15', 'Other'),
	(500, '학생500', '1993-10-19', 'Male');

/*!40103 SET TIME_ZONE=IFNULL(@OLD_TIME_ZONE, 'system') */;
/*!40101 SET SQL_MODE=IFNULL(@OLD_SQL_MODE, '') */;
/*!40014 SET FOREIGN_KEY_CHECKS=IFNULL(@OLD_FOREIGN_KEY_CHECKS, 1) */;
/*!40101 SET CHARACTER_SET_CLIENT=@OLD_CHARACTER_SET_CLIENT */;
/*!40111 SET SQL_NOTES=IFNULL(@OLD_SQL_NOTES, 1) */;
